,fullyLoaded,bytesIn,requests,bytes.html,requests.html,bytes.js,requests.js,bytes.css,requests.css,bytes.image,requests.image,bytes.font,requests.font,bytes.video,requests.video,bytes.other,requests.other,id
0,9053.0,1774507.0,41.0,50146.0,14.0,1693605.0,7.0,274.0,1.0,26918.0,14.0,0.0,0.0,0.0,0.0,3564.0,5.0,221010_KJ_2
1,15271.0,2159401.0,35.0,39355.0,6.0,1496899.0,9.0,450278.0,2.0,94213.0,5.0,28719.0,2.0,0.0,0.0,49757.0,10.0,221010_JC_3
2,10687.0,2601.0,3.0,0.0,1.0,0.0,0.0,0.0,0.0,0.0,0.0,0.0,0.0,0.0,0.0,2601.0,2.0,221010_FS_4
3,10284.0,1768305.0,43.0,49946.0,16.0,1691559.0,7.0,274.0,1.0,21934.0,14.0,0.0,0.0,0.0,0.0,4592.0,5.0,221010_C4_5
4,23532.0,2199183.0,207.0,60672.0,21.0,1309642.0,46.0,45240.0,8.0,727130.0,104.0,30120.0,3.0,0.0,0.0,26379.0,25.0,221010_RJ_6
5,4947.0,91261.0,11.0,19198.0,2.0,8621.0,2.0,0.0,0.0,60796.0,5.0,0.0,0.0,0.0,0.0,2646.0,2.0,221010_B6_7
6,31246.0,1868963.0,193.0,136165.0,25.0,1444735.0,68.0,14874.0,3.0,197639.0,34.0,24664.0,2.0,0.0,0.0,50886.0,60.0,221010_XY_8
7,4794.0,2601.0,1.0,0.0,0.0,0.0,0.0,0.0,0.0,0.0,0.0,0.0,0.0,0.0,0.0,2601.0,1.0,221010_ER_9
8,26179.0,2996609.0,185.0,83365.0,9.0,842774.0,36.0,34543.0,1.0,1642446.0,111.0,379136.0,9.0,0.0,0.0,14345.0,18.0,221010_G6_A
9,958.0,6269.0,2.0,1740.0,1.0,0.0,0.0,4529.0,1.0,0.0,0.0,0.0,0.0,0.0,0.0,0.0,0.0,221010_1C_C
10,8860.0,2112448.0,26.0,29154.0,2.0,1494308.0,12.0,74732.0,3.0,511115.0,5.0,0.0,0.0,0.0,0.0,3139.0,4.0,221010_7M_D
11,18912.0,1021556.0,108.0,133882.0,8.0,138543.0,21.0,0.0,0.0,367705.0,59.0,65176.0,1.0,0.0,0.0,316250.0,19.0,221010_K1_E
12,24153.0,1504019.0,99.0,45126.0,12.0,693364.0,24.0,90359.0,5.0,648754.0,42.0,11703.0,1.0,0.0,0.0,14204.0,14.0,221010_A4_F
13,18903.0,2117632.0,53.0,41646.0,2.0,690117.0,14.0,36137.0,4.0,1272609.0,26.0,66636.0,2.0,0.0,0.0,2601.0,4.0,221010_EP_G
14,118211.0,6267463.0,565.0,228610.0,97.0,4350644.0,85.0,411278.0,5.0,896257.0,152.0,180419.0,8.0,0.0,0.0,200255.0,198.0,221010_T1_H
15,25858.0,2467012.0,104.0,130481.0,10.0,1491427.0,43.0,184416.0,1.0,540807.0,21.0,114972.0,8.0,0.0,0.0,3503.0,20.0,221010_VS_J
16,14395.0,761518.0,50.0,20547.0,8.0,493699.0,16.0,28798.0,3.0,180438.0,15.0,23320.0,1.0,0.0,0.0,13627.0,6.0,221010_X1_K
17,29687.0,3442108.0,164.0,103827.0,18.0,1254954.0,51.0,30095.0,2.0,1406215.0,53.0,603968.0,4.0,0.0,0.0,39500.0,34.0,221010_PC_M
18,40379.0,8519499.0,55.0,106363.0,2.0,687185.0,11.0,181512.0,4.0,7057875.0,30.0,482776.0,2.0,0.0,0.0,2638.0,5.0,221010_FN_P
19,5029.0,306830.0,11.0,1738.0,1.0,0.0,0.0,813.0,1.0,239178.0,3.0,62500.0,5.0,0.0,0.0,2601.0,1.0,221010_ES_Q
20,29383.0,949808.0,161.0,222584.0,19.0,260451.0,15.0,54134.0,7.0,329129.0,57.0,78332.0,4.0,0.0,0.0,2701.0,58.0,221010_DD_R
21,23420.0,3588805.0,173.0,45873.0,21.0,1113694.0,52.0,106042.0,4.0,1653714.0,68.0,46940.0,2.0,0.0,0.0,622542.0,26.0,221010_FE_S
22,36233.0,3227361.0,211.0,36916.0,12.0,1107614.0,65.0,44898.0,18.0,1990151.0,87.0,26608.0,3.0,0.0,0.0,21174.0,26.0,221010_63_T
23,25189.0,2221949.0,160.0,148054.0,10.0,1575190.0,43.0,216080.0,14.0,257232.0,38.0,0.0,0.0,0.0,0.0,25393.0,55.0,221010_JZ_V
24,48869.0,14682322.0,102.0,7476.0,4.0,546737.0,3.0,73102.0,3.0,13395778.0,72.0,572412.0,5.0,0.0,0.0,84022.0,14.0,221010_HH_W
25,35803.0,2290409.0,152.0,148434.0,3.0,1044690.0,25.0,39068.0,3.0,1020713.0,34.0,33056.0,3.0,0.0,0.0,4448.0,84.0,221010_19_Y
26,40147.0,957110.0,186.0,31330.0,17.0,666260.0,38.0,93005.0,6.0,31090.0,55.0,111095.0,4.0,0.0,0.0,7156.0,65.0,221010_RX_Z
27,21775.0,3667008.0,126.0,54195.0,5.0,2005457.0,35.0,116908.0,10.0,874199.0,61.0,551696.0,3.0,0.0,0.0,64553.0,12.0,221010_5W_10
28,103531.0,20282817.0,1197.0,213024.0,8.0,306439.0,36.0,66453.0,7.0,19604398.0,1131.0,88132.0,2.0,0.0,0.0,3477.0,12.0,221010_YW_11
29,118939.0,515572.0,117.0,17916.0,10.0,413456.0,12.0,41597.0,1.0,37377.0,16.0,0.0,0.0,0.0,0.0,5226.0,78.0,221010_8K_12
30,120238.0,7815924.0,622.0,168675.0,88.0,2296892.0,61.0,44164.0,4.0,108768.0,147.0,202985.0,6.0,4877451.0,1.0,116860.0,290.0,221010_TN_13
31,28948.0,5661824.0,182.0,47071.0,11.0,1467812.0,49.0,122758.0,3.0,3762787.0,88.0,145956.0,9.0,0.0,0.0,115440.0,21.0,221010_2T_14
32,30093.0,1970668.0,229.0,23964.0,15.0,1038479.0,71.0,89050.0,4.0,394031.0,67.0,174636.0,6.0,0.0,0.0,249746.0,65.0,221010_YW_15
33,58438.0,12290783.0,424.0,209955.0,48.0,1920471.0,89.0,93981.0,10.0,9429732.0,217.0,521460.0,7.0,0.0,0.0,114216.0,39.0,221010_5H_17
34,12053.0,2601.0,3.0,0.0,0.0,0.0,0.0,0.0,0.0,0.0,0.0,0.0,0.0,0.0,0.0,2601.0,3.0,221010_V6_18
35,24411.0,2424325.0,156.0,53676.0,9.0,1354559.0,43.0,242740.0,9.0,562314.0,57.0,153263.0,5.0,0.0,0.0,57672.0,32.0,221010_6Z_19
36,31813.0,6583060.0,287.0,81667.0,31.0,1404658.0,66.0,55897.0,14.0,4608157.0,112.0,402595.0,9.0,0.0,0.0,30086.0,53.0,221010_MM_1A
37,13566.0,1586578.0,40.0,70552.0,2.0,263136.0,10.0,303.0,1.0,1006617.0,7.0,179082.0,4.0,0.0,0.0,66888.0,16.0,221010_VC_1C
38,14900.0,1564717.0,22.0,3954.0,2.0,1539861.0,8.0,16400.0,2.0,70.0,2.0,0.0,0.0,0.0,0.0,2603.0,7.0,221010_ZJ_1E
39,7125.0,583372.0,45.0,46948.0,1.0,224343.0,7.0,135041.0,4.0,85165.0,26.0,83844.0,4.0,0.0,0.0,2601.0,2.0,221010_T6_1F
40,12411.0,1002967.0,41.0,6798.0,1.0,166794.0,5.0,307033.0,4.0,338212.0,18.0,181524.0,2.0,0.0,0.0,2606.0,11.0,221010_GG_1G
41,21417.0,1588684.0,172.0,207386.0,23.0,996720.0,31.0,37632.0,5.0,305013.0,93.0,25552.0,2.0,0.0,0.0,13470.0,17.0,221010_G4_1H
42,49843.0,12627743.0,114.0,344095.0,2.0,1079980.0,35.0,171325.0,3.0,10649771.0,47.0,333707.0,7.0,0.0,0.0,48865.0,15.0,221010_CP_1J
43,17692.0,945925.0,140.0,103752.0,18.0,374448.0,34.0,13932.0,9.0,287481.0,59.0,137652.0,9.0,0.0,0.0,13574.0,8.0,221010_2Y_1K
44,11321.0,2601.0,2.0,0.0,0.0,0.0,0.0,0.0,0.0,0.0,0.0,0.0,0.0,0.0,0.0,2601.0,2.0,221010_WB_1M
45,30164.0,4695487.0,254.0,256332.0,26.0,1689416.0,62.0,299660.0,11.0,2298548.0,118.0,122268.0,2.0,0.0,0.0,27076.0,34.0,221010_D9_1N
46,19189.0,1224327.0,68.0,52059.0,5.0,621632.0,24.0,21940.0,1.0,254386.0,20.0,271552.0,6.0,0.0,0.0,2758.0,12.0,221010_1X_1P
47,26068.0,1873736.0,178.0,45178.0,17.0,953273.0,31.0,34406.0,3.0,625238.0,95.0,145044.0,10.0,0.0,0.0,70597.0,22.0,221010_GH_1Q
48,33996.0,8395186.0,149.0,147258.0,3.0,1523523.0,40.0,376123.0,10.0,5884024.0,72.0,457256.0,9.0,0.0,0.0,7002.0,14.0,221010_56_1R
49,36588.0,6443075.0,241.0,66851.0,21.0,1420256.0,36.0,129158.0,7.0,4735368.0,133.0,77160.0,1.0,0.0,0.0,13732.0,42.0,221010_1S_1S
50,62118.0,4563924.0,570.0,187178.0,89.0,2008866.0,82.0,44031.0,7.0,2065685.0,224.0,128784.0,3.0,0.0,0.0,129380.0,158.0,221010_JW_1T
51,26641.0,3066801.0,178.0,57383.0,1.0,561956.0,2.0,0.0,0.0,2422033.0,154.0,0.0,0.0,0.0,0.0,25137.0,20.0,221010_6P_1V
52,121205.0,8562510.0,826.0,429997.0,152.0,3832946.0,96.0,116750.0,23.0,3650095.0,158.0,339364.0,14.0,92396.0,1.0,100962.0,377.0,221010_TS_1W
53,25763.0,1989227.0,214.0,64000.0,21.0,1396309.0,63.0,85308.0,5.0,245721.0,58.0,189380.0,3.0,0.0,0.0,7709.0,63.0,221010_HZ_1X
54,5390.0,2601.0,1.0,0.0,0.0,0.0,0.0,0.0,0.0,0.0,0.0,0.0,0.0,0.0,0.0,2601.0,1.0,221010_XS_1Y
55,23267.0,3547221.0,249.0,263528.0,39.0,680413.0,42.0,33033.0,10.0,2528142.0,131.0,28368.0,1.0,0.0,0.0,13737.0,26.0,221010_5B_20
56,38541.0,12538163.0,90.0,18863.0,1.0,1567437.0,24.0,35125.0,4.0,9926598.0,52.0,987268.0,4.0,0.0,0.0,2872.0,5.0,221010_D3_21
57,1395.0,6266.0,2.0,1737.0,1.0,0.0,0.0,4529.0,1.0,0.0,0.0,0.0,0.0,0.0,0.0,0.0,0.0,221010_17_22
58,18893.0,1586145.0,82.0,109715.0,2.0,783392.0,27.0,19462.0,3.0,327296.0,37.0,339612.0,4.0,0.0,0.0,2611.0,8.0,221010_04_23
59,33432.0,3899358.0,224.0,160967.0,31.0,1104651.0,52.0,37837.0,4.0,2472352.0,93.0,50733.0,3.0,0.0,0.0,64858.0,36.0,221010_HP_24
60,22757.0,3369892.0,84.0,28661.0,8.0,697878.0,25.0,74296.0,13.0,2397263.0,21.0,157092.0,5.0,0.0,0.0,14702.0,12.0,221010_DZ_26
61,27120.0,1973708.0,156.0,35549.0,2.0,1269893.0,37.0,112549.0,49.0,169087.0,43.0,45464.0,2.0,0.0,0.0,341166.0,22.0,221010_KE_27
62,32562.0,1906130.0,45.0,36755.0,2.0,502398.0,11.0,37005.0,12.0,1128788.0,12.0,197396.0,4.0,0.0,0.0,2638.0,3.0,221010_XY_28
63,47517.0,4441426.0,314.0,101502.0,4.0,1485493.0,38.0,112658.0,6.0,2322922.0,176.0,327452.0,8.0,0.0,0.0,91399.0,82.0,221010_MR_29
64,33150.0,2062418.0,180.0,36897.0,14.0,999000.0,67.0,103242.0,8.0,537447.0,35.0,146292.0,5.0,0.0,0.0,238778.0,50.0,221010_ZN_2A
65,18979.0,7766351.0,78.0,46797.0,3.0,496875.0,22.0,14785.0,2.0,759000.0,35.0,33664.0,1.0,6411128.0,3.0,3145.0,11.0,221010_Q5_2B
66,1748.0,3176.0,3.0,1930.0,1.0,0.0,1.0,1246.0,1.0,0.0,0.0,0.0,0.0,0.0,0.0,0.0,0.0,221010_HZ_2C
67,26568.0,6373596.0,145.0,31678.0,3.0,1050897.0,38.0,91133.0,13.0,5012036.0,57.0,182304.0,3.0,0.0,0.0,5548.0,31.0,221010_MX_2D
68,33833.0,6664701.0,108.0,152746.0,2.0,1466258.0,58.0,2611.0,1.0,174087.0,10.0,124840.0,3.0,4736570.0,1.0,7589.0,33.0,221010_D2_2E
69,20478.0,4864982.0,111.0,14936.0,4.0,343662.0,18.0,40678.0,2.0,4400630.0,65.0,61676.0,7.0,0.0,0.0,3400.0,15.0,221010_MM_2F
70,4979.0,2601.0,1.0,0.0,0.0,0.0,0.0,0.0,0.0,0.0,0.0,0.0,0.0,0.0,0.0,2601.0,1.0,221010_F2_2G
71,34797.0,1563078.0,172.0,18140.0,5.0,1242792.0,59.0,64295.0,11.0,145674.0,46.0,62636.0,2.0,0.0,0.0,29541.0,49.0,221010_79_2H
72,10491.0,277182.0,14.0,52165.0,5.0,184591.0,4.0,19970.0,1.0,17795.0,2.0,0.0,0.0,0.0,0.0,2661.0,2.0,221010_XF_2J
73,30648.0,2207894.0,182.0,337322.0,32.0,771403.0,21.0,870.0,1.0,534322.0,21.0,76872.0,3.0,0.0,0.0,487105.0,104.0,221010_B0_2K
74,21170.0,2601.0,1.0,0.0,0.0,0.0,0.0,0.0,0.0,0.0,0.0,0.0,0.0,0.0,0.0,2601.0,1.0,221010_NT_2M
75,38368.0,6410769.0,161.0,38338.0,11.0,1018699.0,55.0,31302.0,2.0,5190461.0,79.0,117779.0,5.0,0.0,0.0,14190.0,9.0,221010_V1_2N
76,31723.0,14177790.0,80.0,20652.0,3.0,225803.0,14.0,52832.0,4.0,13710073.0,40.0,67024.0,3.0,0.0,0.0,85985.0,14.0,221010_08_2P
77,9070.0,402336.0,16.0,52124.0,5.0,184591.0,4.0,19970.0,1.0,143050.0,4.0,0.0,0.0,0.0,0.0,2601.0,1.0,221010_4G_2Q
78,2407.0,8396.0,4.0,6220.0,1.0,0.0,1.0,2176.0,1.0,0.0,0.0,0.0,0.0,0.0,0.0,0.0,1.0,221010_1P_2R
79,7597.0,11884.0,4.0,7107.0,1.0,0.0,0.0,2176.0,1.0,0.0,0.0,0.0,0.0,0.0,0.0,2601.0,2.0,221010_QA_2S
80,36412.0,13758980.0,76.0,19558.0,3.0,225269.0,14.0,52808.0,4.0,13309467.0,37.0,50732.0,2.0,0.0,0.0,85725.0,14.0,221010_YG_2T
81,40186.0,9881444.0,102.0,143806.0,10.0,1260309.0,20.0,303.0,1.0,8354186.0,50.0,27431.0,1.0,0.0,0.0,95409.0,20.0,221010_HJ_2V
82,23646.0,5252454.0,148.0,301407.0,6.0,822853.0,31.0,593737.0,26.0,3035413.0,57.0,495564.0,5.0,0.0,0.0,3480.0,22.0,221010_QF_2W
83,36343.0,6190717.0,349.0,136710.0,54.0,1438224.0,76.0,35102.0,7.0,1820224.0,117.0,245076.0,12.0,2494191.0,1.0,17412.0,79.0,221010_QY_2X
84,16718.0,4179447.0,41.0,15630.0,1.0,321478.0,9.0,16295.0,2.0,746938.0,14.0,20424.0,2.0,2927060.0,2.0,18268.0,9.0,221010_HM_2Z
85,27729.0,1379197.0,122.0,76361.0,4.0,648318.0,51.0,0.0,0.0,439412.0,32.0,103240.0,4.0,0.0,0.0,3699.0,30.0,221010_ZW_30
86,66425.0,3561834.0,544.0,144999.0,113.0,1274499.0,47.0,8926.0,3.0,97068.0,159.0,131444.0,5.0,1811599.0,1.0,58805.0,215.0,221010_E2_31
87,24657.0,1116204.0,110.0,92498.0,1.0,729764.0,46.0,7750.0,2.0,156263.0,39.0,124504.0,5.0,0.0,0.0,3893.0,13.0,221010_TF_32
88,24168.0,933206.0,272.0,83552.0,60.0,454891.0,16.0,0.0,0.0,378147.0,111.0,0.0,0.0,0.0,0.0,16616.0,84.0,221010_QE_33
89,42353.0,1880761.0,373.0,22768.0,2.0,1188020.0,34.0,112549.0,49.0,428706.0,262.0,45464.0,2.0,0.0,0.0,83254.0,20.0,221010_KA_34
90,23509.0,1828415.0,93.0,47521.0,10.0,689873.0,19.0,30281.0,4.0,1028724.0,47.0,18028.0,1.0,0.0,0.0,13988.0,12.0,221010_S4_35
91,5499.0,323198.0,25.0,13025.0,1.0,61618.0,2.0,33701.0,2.0,196416.0,17.0,15836.0,1.0,0.0,0.0,2602.0,2.0,221010_V8_36
92,4999.0,2601.0,1.0,0.0,0.0,0.0,0.0,0.0,0.0,0.0,0.0,0.0,0.0,0.0,0.0,2601.0,1.0,221010_TV_37
93,59577.0,6831736.0,311.0,132363.0,36.0,1473638.0,77.0,70981.0,10.0,4798431.0,119.0,275720.0,7.0,0.0,0.0,79629.0,59.0,221010_QW_38
94,7990.0,2601.0,3.0,0.0,0.0,0.0,0.0,0.0,0.0,0.0,0.0,0.0,0.0,0.0,0.0,2601.0,3.0,221010_YA_39
95,11972.0,1423296.0,98.0,17243.0,1.0,836143.0,67.0,107231.0,14.0,327723.0,7.0,131632.0,3.0,0.0,0.0,3324.0,6.0,221010_0M_3A
96,14348.0,1472354.0,81.0,48329.0,1.0,391081.0,34.0,133941.0,8.0,775451.0,28.0,84388.0,1.0,0.0,0.0,39164.0,8.0,221010_9Y_3B
97,11587.0,2792994.0,29.0,19741.0,1.0,1059304.0,2.0,411721.0,4.0,565511.0,16.0,733356.0,3.0,0.0,0.0,3361.0,3.0,221010_1W_3C
98,28135.0,4365215.0,54.0,62379.0,5.0,591163.0,13.0,98179.0,9.0,3542362.0,19.0,50404.0,3.0,0.0,0.0,2730.0,4.0,221010_D1_3D
99,29497.0,887158.0,91.0,83072.0,5.0,243466.0,26.0,28686.0,3.0,392344.0,38.0,44624.0,2.0,0.0,0.0,94750.0,16.0,221010_YP_3E
100,39279.0,15827623.0,293.0,52339.0,36.0,4261610.0,91.0,598126.0,15.0,251559.0,66.0,207400.0,4.0,10396705.0,10.0,59884.0,67.0,221010_VX_3F
101,1618.0,12369.0,4.0,5002.0,1.0,0.0,0.0,2604.0,1.0,0.0,0.0,0.0,0.0,0.0,0.0,0.0,1.0,221010_QQ_3G
102,11962.0,1060520.0,68.0,48962.0,3.0,471180.0,18.0,22297.0,2.0,470359.0,36.0,44035.0,3.0,0.0,0.0,3687.0,6.0,221010_DN_3J
103,21356.0,2073047.0,111.0,20618.0,5.0,1167382.0,34.0,189567.0,6.0,544825.0,35.0,132360.0,4.0,0.0,0.0,18295.0,27.0,221010_EM_3K
104,7193.0,581372.0,55.0,32796.0,4.0,263884.0,15.0,4855.0,1.0,205623.0,9.0,0.0,0.0,0.0,0.0,74214.0,25.0,221010_6S_3M
105,6593.0,821909.0,55.0,11759.0,1.0,467810.0,20.0,41018.0,10.0,68228.0,11.0,228944.0,3.0,0.0,0.0,4150.0,10.0,221010_Z5_3N
106,2758.0,4188.0,5.0,2677.0,1.0,0.0,1.0,1246.0,1.0,265.0,1.0,0.0,0.0,0.0,0.0,0.0,1.0,221010_JC_3R
107,1453.0,7604.0,5.0,5000.0,1.0,0.0,0.0,2604.0,1.0,0.0,0.0,0.0,0.0,0.0,0.0,0.0,1.0,221010_SP_3S
108,12823.0,364139.0,37.0,22448.0,1.0,146775.0,3.0,12832.0,6.0,175845.0,23.0,0.0,0.0,0.0,0.0,2601.0,3.0,221010_JD_3T
109,17774.0,1219894.0,119.0,77261.0,2.0,597194.0,68.0,0.0,0.0,512931.0,29.0,22036.0,2.0,0.0,0.0,10472.0,18.0,221010_JE_3V
110,55233.0,1443555.0,503.0,140097.0,98.0,1078850.0,37.0,10371.0,1.0,159109.0,176.0,0.0,0.0,0.0,0.0,54099.0,188.0,221010_Q1_3X
111,60881.0,3236627.0,666.0,196147.0,119.0,1819387.0,47.0,83789.0,2.0,991001.0,261.0,125572.0,7.0,0.0,0.0,20731.0,229.0,221010_0H_3Y
112,19354.0,5191376.0,95.0,25739.0,7.0,530023.0,18.0,60388.0,8.0,4417342.0,52.0,155004.0,2.0,0.0,0.0,2880.0,8.0,221010_5M_3Z
113,30379.0,4256354.0,160.0,43021.0,7.0,3559010.0,65.0,74203.0,7.0,190668.0,34.0,383979.0,9.0,0.0,0.0,4092.0,36.0,221010_WT_41
114,30346.0,7126073.0,85.0,492110.0,20.0,728900.0,20.0,88698.0,7.0,5812222.0,33.0,0.0,0.0,0.0,0.0,2993.0,4.0,221010_5C_42
115,15307.0,2285693.0,129.0,46097.0,7.0,963379.0,30.0,112680.0,6.0,808540.0,64.0,254726.0,4.0,0.0,0.0,100271.0,17.0,221010_PY_43
116,25735.0,3922780.0,207.0,36991.0,21.0,1248792.0,52.0,40788.0,4.0,2468675.0,82.0,33376.0,1.0,0.0,0.0,94158.0,47.0,221010_11_44
117,21863.0,1121156.0,72.0,45226.0,6.0,810349.0,26.0,81563.0,2.0,85301.0,19.0,67121.0,5.0,0.0,0.0,31596.0,14.0,221010_49_45
118,32245.0,1955968.0,126.0,40945.0,12.0,893541.0,35.0,88798.0,2.0,765213.0,53.0,112317.0,3.0,0.0,0.0,55154.0,20.0,221010_B4_46
119,34237.0,12011490.0,80.0,20875.0,3.0,226847.0,15.0,54997.0,5.0,11478827.0,32.0,130116.0,9.0,0.0,0.0,84407.0,14.0,221010_Y2_47
120,3108.0,97264.0,3.0,96609.0,1.0,655.0,1.0,0.0,0.0,0.0,0.0,0.0,0.0,0.0,0.0,0.0,0.0,221010_WW_48
121,70386.0,4054604.0,38.0,134483.0,4.0,969721.0,1.0,402874.0,7.0,2337214.0,14.0,206572.0,8.0,0.0,0.0,3740.0,4.0,221010_SE_49
122,6932.0,469127.0,24.0,3037.0,1.0,145500.0,6.0,40499.0,4.0,134457.0,3.0,142330.0,6.0,0.0,0.0,2665.0,3.0,221010_Z6_4A
123,1012.0,1735.0,2.0,1735.0,1.0,0.0,0.0,0.0,1.0,0.0,0.0,0.0,0.0,0.0,0.0,0.0,0.0,221010_Z6_4B
124,27276.0,1338740.0,97.0,44078.0,17.0,950504.0,32.0,33563.0,6.0,227972.0,22.0,27068.0,1.0,0.0,0.0,40469.0,18.0,221010_Z7_4C
125,5219.0,2601.0,1.0,0.0,0.0,0.0,0.0,0.0,0.0,0.0,0.0,0.0,0.0,0.0,0.0,2601.0,1.0,221010_K2_4D
126,33114.0,2427623.0,213.0,40398.0,21.0,1553031.0,64.0,16180.0,8.0,451613.0,53.0,363396.0,6.0,0.0,0.0,3005.0,61.0,221010_WQ_4E
127,16836.0,3358911.0,96.0,61191.0,3.0,490116.0,28.0,2875.0,2.0,2800360.0,48.0,0.0,0.0,0.0,0.0,4369.0,15.0,221010_C5_4F
128,23208.0,1601591.0,131.0,59225.0,23.0,703655.0,24.0,57439.0,2.0,675306.0,49.0,89757.0,3.0,0.0,0.0,16209.0,30.0,221010_SZ_4G
129,13912.0,2682924.0,52.0,91654.0,2.0,1473127.0,19.0,33543.0,4.0,960411.0,16.0,96972.0,2.0,0.0,0.0,27217.0,9.0,221010_V7_4J
130,19250.0,5705045.0,119.0,29126.0,8.0,559354.0,13.0,38827.0,3.0,4911653.0,80.0,163116.0,6.0,0.0,0.0,2969.0,9.0,221010_8N_4K
131,26006.0,1569328.0,123.0,80171.0,5.0,726235.0,54.0,56246.0,11.0,496860.0,19.0,207209.0,4.0,0.0,0.0,2607.0,30.0,221010_NC_4M
132,27827.0,1821794.0,141.0,56688.0,15.0,1293778.0,56.0,32636.0,4.0,185541.0,35.0,203356.0,4.0,0.0,0.0,49327.0,26.0,221010_8D_4P
133,28705.0,2531284.0,100.0,20824.0,12.0,1020960.0,19.0,104518.0,4.0,1273020.0,46.0,105900.0,3.0,0.0,0.0,6062.0,16.0,221010_CS_4Q
134,2961.0,35261.0,6.0,14037.0,1.0,21182.0,1.0,0.0,0.0,42.0,2.0,0.0,0.0,0.0,0.0,0.0,1.0,221010_2K_4R
135,8840.0,250043.0,26.0,8492.0,4.0,76250.0,5.0,4063.0,1.0,157666.0,11.0,0.0,0.0,0.0,0.0,3094.0,4.0,221010_6S_4S
136,23321.0,2351569.0,135.0,21339.0,8.0,526361.0,32.0,39801.0,9.0,1716331.0,72.0,0.0,2.0,0.0,0.0,45228.0,9.0,221010_C3_4T
137,29310.0,3394023.0,80.0,73924.0,11.0,1152202.0,18.0,327147.0,3.0,1726346.0,34.0,111800.0,4.0,0.0,0.0,2604.0,10.0,221010_3A_4V
138,9490.0,2659388.0,89.0,31274.0,2.0,537982.0,29.0,207402.0,17.0,1683471.0,30.0,196620.0,6.0,0.0,0.0,2639.0,4.0,221010_Q4_4W
139,19442.0,4565101.0,82.0,18592.0,2.0,355474.0,10.0,104158.0,6.0,2432253.0,46.0,1628936.0,10.0,0.0,0.0,3306.0,6.0,221010_0Y_4X
140,2400.0,7563.0,4.0,4959.0,1.0,0.0,0.0,2604.0,1.0,0.0,0.0,0.0,0.0,0.0,0.0,0.0,1.0,221010_5C_4Z
141,4929.0,598756.0,23.0,34285.0,1.0,3538.0,2.0,160496.0,2.0,267114.0,12.0,128366.0,3.0,0.0,0.0,2637.0,2.0,221010_6T_50
142,53392.0,10603894.0,171.0,265205.0,17.0,5414692.0,49.0,899066.0,21.0,3632219.0,35.0,145504.0,5.0,0.0,0.0,247208.0,42.0,221010_ZD_52
143,4621.0,1195.0,3.0,45.0,1.0,0.0,0.0,0.0,0.0,0.0,0.0,0.0,0.0,0.0,0.0,0.0,0.0,221010_XV_53
144,39164.0,5096738.0,309.0,280603.0,29.0,1929776.0,63.0,0.0,0.0,2710689.0,99.0,160941.0,7.0,0.0,0.0,14729.0,108.0,221010_XP_54
145,28232.0,7191080.0,185.0,35364.0,5.0,204765.0,30.0,190275.0,14.0,6498519.0,119.0,251732.0,6.0,0.0,0.0,10425.0,11.0,221010_QB_55
146,21122.0,2661505.0,112.0,6900.0,2.0,1284376.0,21.0,57727.0,2.0,1031400.0,55.0,276376.0,14.0,0.0,0.0,4633.0,17.0,221010_WR_56
147,19278.0,1699245.0,65.0,14649.0,7.0,232664.0,16.0,87180.0,4.0,1359903.0,30.0,0.0,0.0,0.0,0.0,4849.0,8.0,221010_Q6_57
148,15074.0,1368765.0,62.0,13998.0,3.0,639228.0,16.0,58799.0,3.0,224435.0,18.0,428820.0,13.0,0.0,0.0,3485.0,9.0,221010_BP_58
149,10234.0,940619.0,39.0,7276.0,1.0,287005.0,8.0,20397.0,7.0,461270.0,12.0,67726.0,2.0,0.0,0.0,96051.0,8.0,221010_5C_59
150,79588.0,3579426.0,154.0,69852.0,3.0,515346.0,15.0,116095.0,2.0,2581114.0,117.0,277484.0,3.0,0.0,0.0,19535.0,14.0,221010_H7_5A
151,76875.0,7094650.0,579.0,520843.0,112.0,4742715.0,69.0,578111.0,11.0,877102.0,194.0,212788.0,12.0,0.0,0.0,163091.0,181.0,221010_NB_5B
152,32621.0,6424760.0,268.0,70249.0,16.0,1772526.0,56.0,243029.0,47.0,4251192.0,122.0,77162.0,1.0,0.0,0.0,9452.0,25.0,221010_8G_5C
153,11972.0,2980718.0,138.0,152767.0,5.0,107438.0,8.0,35083.0,4.0,2521476.0,113.0,161204.0,4.0,0.0,0.0,2613.0,3.0,221010_NH_5D
154,29721.0,1883067.0,137.0,93639.0,7.0,471238.0,37.0,91153.0,18.0,862110.0,57.0,344728.0,7.0,0.0,0.0,20199.0,11.0,221010_BF_5E
155,15124.0,1484219.0,62.0,164841.0,3.0,509901.0,15.0,31293.0,2.0,585036.0,30.0,190492.0,3.0,0.0,0.0,2656.0,9.0,221010_T9_5H
156,45894.0,13485633.0,81.0,17914.0,3.0,225340.0,14.0,52258.0,4.0,13051771.0,37.0,47956.0,7.0,0.0,0.0,84809.0,14.0,221010_TJ_5J
157,38818.0,5735151.0,109.0,41637.0,5.0,3789931.0,32.0,474139.0,13.0,1140701.0,36.0,245804.0,6.0,0.0,0.0,42939.0,17.0,221010_R2_5M
158,21329.0,1096864.0,78.0,182440.0,11.0,731290.0,31.0,33425.0,9.0,14960.0,16.0,121024.0,3.0,0.0,0.0,13725.0,8.0,221010_PB_5N
159,17830.0,1703503.0,84.0,39100.0,5.0,781967.0,19.0,114745.0,10.0,399910.0,25.0,346168.0,7.0,0.0,3.0,21613.0,15.0,221010_48_5Q
160,24930.0,2350293.0,129.0,42741.0,17.0,1317327.0,53.0,28517.0,3.0,730398.0,31.0,133396.0,5.0,0.0,0.0,75532.0,19.0,221010_MF_5R
161,39284.0,14999832.0,85.0,36795.0,5.0,226140.0,14.0,53138.0,4.0,14480481.0,37.0,114804.0,8.0,0.0,0.0,86153.0,15.0,221010_JR_5S
162,26636.0,923247.0,58.0,102440.0,3.0,325941.0,21.0,70636.0,10.0,203293.0,16.0,218144.0,2.0,0.0,0.0,2793.0,6.0,221010_3B_5T
163,28288.0,2832646.0,129.0,49018.0,11.0,1096538.0,39.0,87656.0,9.0,1514521.0,51.0,79100.0,1.0,0.0,0.0,4812.0,17.0,221010_N1_5V
164,26907.0,1294847.0,69.0,243091.0,11.0,826806.0,24.0,8647.0,2.0,197530.0,15.0,0.0,0.0,0.0,0.0,18773.0,17.0,221010_89_5X
165,14084.0,4145850.0,116.0,19497.0,2.0,620078.0,26.0,79991.0,15.0,3143673.0,68.0,241420.0,2.0,0.0,0.0,2637.0,2.0,221010_K9_5Z
166,29174.0,12162337.0,82.0,21354.0,3.0,225571.0,14.0,52703.0,4.0,11682856.0,37.0,79264.0,8.0,0.0,0.0,85168.0,14.0,221010_TZ_60
167,9130.0,1292142.0,53.0,24144.0,3.0,632590.0,19.0,12678.0,1.0,494666.0,7.0,107792.0,6.0,0.0,0.0,4866.0,16.0,221010_ZG_61
168,14458.0,895527.0,64.0,27257.0,1.0,542221.0,20.0,904.0,1.0,251358.0,28.0,69252.0,5.0,0.0,0.0,4535.0,7.0,221010_0D_62
169,30556.0,2626196.0,316.0,118152.0,39.0,1644440.0,69.0,0.0,0.0,209487.0,92.0,187852.0,2.0,0.0,0.0,451179.0,113.0,221010_8P_63
170,13961.0,2458269.0,75.0,34954.0,2.0,1472810.0,36.0,154350.0,2.0,660101.0,27.0,132576.0,3.0,0.0,0.0,3478.0,5.0,221010_T8_64
171,45757.0,3662033.0,719.0,129658.0,53.0,2053802.0,361.0,97539.0,90.0,1181272.0,107.0,45060.0,1.0,0.0,0.0,154702.0,105.0,221010_PJ_65
172,27185.0,1349819.0,119.0,33618.0,3.0,554442.0,60.0,14323.0,1.0,178445.0,30.0,566072.0,17.0,0.0,1.0,2601.0,6.0,221010_DH_66
173,19793.0,849560.0,47.0,39269.0,3.0,240437.0,5.0,32517.0,2.0,289141.0,22.0,50188.0,2.0,0.0,0.0,198008.0,13.0,221010_05_68
174,8552.0,540830.0,81.0,16210.0,1.0,51497.0,4.0,71646.0,2.0,340883.0,61.0,0.0,0.0,0.0,0.0,2656.0,2.0,221010_Z8_69
175,50290.0,2959070.0,329.0,65916.0,48.0,1225557.0,52.0,9894.0,1.0,1310565.0,134.0,314556.0,5.0,0.0,0.0,32582.0,87.0,221010_94_6A
176,23190.0,3583975.0,145.0,173374.0,16.0,1554650.0,51.0,45927.0,7.0,1377083.0,43.0,336164.0,11.0,0.0,0.0,96777.0,17.0,221010_96_6B
177,1054.0,7425.0,3.0,4821.0,1.0,0.0,0.0,2604.0,1.0,0.0,0.0,0.0,0.0,0.0,0.0,0.0,0.0,221010_PN_6C
178,47412.0,3691556.0,250.0,38426.0,15.0,1507850.0,70.0,179179.0,18.0,1943576.0,131.0,7520.0,1.0,0.0,0.0,15005.0,13.0,221010_V2_6D
179,13888.0,644146.0,67.0,84460.0,8.0,138536.0,14.0,30674.0,7.0,375372.0,31.0,12429.0,1.0,0.0,0.0,2675.0,5.0,221010_K1_6E
180,5273.0,2601.0,1.0,0.0,0.0,0.0,0.0,0.0,0.0,0.0,0.0,0.0,0.0,0.0,0.0,2601.0,1.0,221010_M5_6F
181,25967.0,5285271.0,75.0,37614.0,6.0,1763977.0,26.0,1645924.0,10.0,1319894.0,16.0,506708.0,2.0,0.0,0.0,10639.0,13.0,221010_VG_6G
182,39625.0,2275686.0,526.0,167453.0,125.0,1652737.0,30.0,135070.0,2.0,298766.0,184.0,4240.0,1.0,0.0,0.0,17420.0,184.0,221010_4S_6H
183,5904.0,2601.0,1.0,0.0,0.0,0.0,0.0,0.0,0.0,0.0,0.0,0.0,0.0,0.0,0.0,2601.0,1.0,221010_WQ_6J
184,8293.0,1158214.0,61.0,21768.0,3.0,207572.0,14.0,20596.0,10.0,635872.0,26.0,269732.0,4.0,0.0,0.0,2674.0,4.0,221010_RV_6K
185,39143.0,17837268.0,221.0,54051.0,2.0,881388.0,15.0,134963.0,1.0,13765187.0,185.0,2991552.0,5.0,0.0,0.0,2721.0,12.0,221010_QQ_6M
186,14875.0,1476978.0,106.0,21413.0,1.0,1018879.0,22.0,0.0,0.0,378190.0,39.0,51832.0,4.0,0.0,0.0,6664.0,40.0,221010_EV_6N
187,5570.0,558544.0,20.0,19279.0,2.0,111591.0,6.0,103478.0,2.0,205868.0,4.0,94512.0,3.0,0.0,0.0,2673.0,2.0,221010_QJ_6P
188,38982.0,4274307.0,172.0,177048.0,5.0,1614309.0,51.0,84421.0,12.0,2279280.0,92.0,114600.0,4.0,0.0,0.0,4649.0,7.0,221010_ZQ_6Q
189,47650.0,3810120.0,245.0,154337.0,10.0,2244752.0,88.0,46714.0,13.0,1264285.0,101.0,72256.0,3.0,0.0,0.0,27776.0,30.0,221010_G0_6R
190,12349.0,929180.0,56.0,9555.0,2.0,429169.0,18.0,33786.0,7.0,193206.0,16.0,257920.0,2.0,0.0,0.0,4394.0,10.0,221010_QG_6S
191,41987.0,2396102.0,132.0,55300.0,2.0,1889058.0,31.0,7284.0,3.0,109235.0,28.0,139132.0,3.0,0.0,0.0,191807.0,61.0,221010_GM_6T
192,16999.0,3152122.0,104.0,54585.0,7.0,1059370.0,27.0,88279.0,7.0,1396299.0,36.0,515881.0,15.0,0.0,0.0,22302.0,11.0,221010_NP_6V
193,32382.0,12990595.0,195.0,37419.0,14.0,928250.0,36.0,125634.0,5.0,11205710.0,88.0,671756.0,6.0,0.0,0.0,21826.0,46.0,221010_9Z_6W
194,1999.0,10809.0,3.0,8205.0,1.0,0.0,0.0,2604.0,1.0,0.0,0.0,0.0,0.0,0.0,0.0,0.0,0.0,221010_FP_6X
195,31554.0,14203024.0,81.0,18397.0,3.0,224754.0,14.0,51797.0,4.0,13779533.0,38.0,40140.0,6.0,0.0,0.0,86214.0,14.0,221010_CC_6Y
196,32782.0,2069483.0,182.0,37917.0,15.0,999605.0,68.0,103242.0,8.0,537447.0,35.0,146292.0,5.0,0.0,0.0,238788.0,49.0,221010_JA_6Z
197,21165.0,2601.0,1.0,0.0,0.0,0.0,0.0,0.0,0.0,0.0,0.0,0.0,0.0,0.0,0.0,2601.0,1.0,221010_AR_71
198,19215.0,3318010.0,109.0,70527.0,3.0,1392426.0,41.0,0.0,0.0,940640.0,29.0,0.0,0.0,892624.0,6.0,21793.0,30.0,221010_7D_72
199,11026.0,535200.0,100.0,19048.0,5.0,271680.0,21.0,18156.0,3.0,222956.0,59.0,0.0,0.0,0.0,0.0,2749.0,11.0,221010_9R_73
200,19240.0,3845057.0,130.0,32429.0,7.0,1223810.0,31.0,83923.0,5.0,1675133.0,55.0,78492.0,2.0,746879.0,1.0,4073.0,28.0,221010_3P_74
201,27112.0,11510644.0,79.0,25170.0,4.0,225375.0,14.0,52708.0,4.0,11018440.0,33.0,87968.0,8.0,0.0,0.0,85562.0,14.0,221010_S2_75
202,19932.0,2854614.0,101.0,57523.0,5.0,268275.0,26.0,156305.0,29.0,1819403.0,23.0,548996.0,14.0,0.0,0.0,2874.0,3.0,221010_ED_77
203,23788.0,1975085.0,160.0,71465.0,22.0,1267869.0,53.0,42541.0,5.0,443941.0,37.0,94288.0,3.0,0.0,0.0,54149.0,37.0,221010_JN_78
204,4855.0,208376.0,21.0,2808.0,2.0,0.0,0.0,1876.0,1.0,198518.0,15.0,0.0,0.0,0.0,0.0,2601.0,2.0,221010_TF_79
205,8779.0,926901.0,61.0,28319.0,4.0,374978.0,12.0,99002.0,8.0,341386.0,30.0,77162.0,1.0,0.0,0.0,4636.0,5.0,221010_9A_7A
206,15161.0,1508899.0,46.0,14999.0,2.0,282760.0,6.0,41805.0,3.0,923620.0,21.0,243092.0,3.0,0.0,0.0,2623.0,11.0,221010_X0_7B
207,21433.0,1718905.0,60.0,13059.0,2.0,412112.0,16.0,23490.0,6.0,1173543.0,27.0,93992.0,5.0,0.0,0.0,2639.0,3.0,221010_WH_7C
208,37761.0,3137761.0,355.0,160569.0,79.0,1360934.0,45.0,323151.0,5.0,213204.0,76.0,1010068.0,16.0,0.0,0.0,69835.0,132.0,221010_FG_7D
209,11891.0,1303780.0,29.0,32869.0,1.0,122866.0,3.0,18434.0,2.0,829731.0,12.0,296792.0,6.0,0.0,0.0,3088.0,5.0,221010_BF_7E
210,31505.0,4166598.0,272.0,148373.0,9.0,1221105.0,74.0,51321.0,32.0,2419246.0,112.0,68928.0,4.0,0.0,0.0,257625.0,39.0,221010_YR_7F
211,5404.0,208589.0,12.0,2031.0,1.0,11982.0,1.0,24508.0,2.0,161487.0,5.0,0.0,0.0,0.0,0.0,2601.0,2.0,221010_6T_7G
212,111551.0,12560607.0,299.0,78814.0,26.0,4368108.0,92.0,429367.0,10.0,5330060.0,88.0,53448.0,2.0,0.0,0.0,2300810.0,80.0,221010_01_7H
213,22370.0,3626369.0,54.0,19520.0,2.0,2981569.0,27.0,28721.0,4.0,260516.0,4.0,241284.0,8.0,0.0,0.0,31282.0,8.0,221010_0N_7K
214,20774.0,3776516.0,160.0,55580.0,6.0,1461204.0,44.0,218266.0,44.0,1911026.0,52.0,126736.0,5.0,0.0,0.0,3704.0,9.0,221010_RC_7N
215,12136.0,2315251.0,35.0,24426.0,2.0,1652457.0,17.0,145128.0,5.0,2561.0,2.0,385360.0,1.0,0.0,0.0,104851.0,7.0,221010_RK_7P
216,29799.0,1866686.0,215.0,49724.0,10.0,1353297.0,129.0,78666.0,15.0,109746.0,22.0,196572.0,7.0,0.0,0.0,78681.0,32.0,221010_D3_7Q
217,20567.0,1767578.0,99.0,3910.0,4.0,1229742.0,32.0,35136.0,6.0,45368.0,16.0,403481.0,5.0,0.0,0.0,49941.0,36.0,221010_7Z_7R
218,36163.0,9673168.0,97.0,80377.0,15.0,2798449.0,26.0,419623.0,14.0,5815367.0,20.0,484194.0,5.0,0.0,0.0,75158.0,17.0,221010_YF_7T
219,39533.0,3189122.0,468.0,163047.0,67.0,1961610.0,119.0,9595.0,1.0,713631.0,134.0,0.0,0.0,303758.0,2.0,37481.0,145.0,221010_PH_7V
220,14596.0,914270.0,61.0,51488.0,2.0,371307.0,6.0,72144.0,3.0,335395.0,28.0,69224.0,4.0,0.0,0.0,12162.0,17.0,221010_CQ_7W
221,18757.0,1191606.0,81.0,74366.0,11.0,667816.0,25.0,19289.0,8.0,371321.0,26.0,44132.0,4.0,0.0,0.0,13532.0,6.0,221010_SX_7Y
222,21891.0,1318802.0,47.0,1776.0,2.0,857534.0,15.0,233024.0,4.0,118586.0,14.0,104988.0,1.0,0.0,0.0,2894.0,11.0,221010_Y1_7Z
223,11081.0,633857.0,29.0,70794.0,1.0,518119.0,16.0,0.0,0.0,40821.0,6.0,0.0,0.0,0.0,0.0,3278.0,5.0,221010_XW_81
224,19144.0,1180485.0,262.0,39821.0,14.0,504452.0,226.0,186136.0,2.0,231026.0,9.0,211400.0,2.0,0.0,0.0,7650.0,9.0,221010_GS_82
225,15204.0,4476129.0,100.0,42876.0,2.0,653738.0,32.0,262258.0,27.0,3405366.0,29.0,90325.0,3.0,0.0,0.0,21566.0,7.0,221010_YF_83
226,42421.0,6262959.0,297.0,98827.0,36.0,1507367.0,51.0,138927.0,4.0,3652201.0,129.0,188636.0,5.0,0.0,0.0,677001.0,69.0,221010_43_84
227,19692.0,2313751.0,129.0,83414.0,4.0,1064356.0,36.0,37119.0,11.0,831125.0,47.0,275969.0,13.0,0.0,0.0,20989.0,17.0,221010_GJ_86
228,21382.0,2601.0,1.0,0.0,0.0,0.0,0.0,0.0,0.0,0.0,0.0,0.0,0.0,0.0,0.0,2601.0,1.0,221010_W8_87
229,27047.0,7755871.0,165.0,342805.0,12.0,1526270.0,62.0,471859.0,14.0,5234503.0,54.0,137124.0,4.0,0.0,0.0,43310.0,19.0,221010_EY_88
230,33767.0,8232675.0,275.0,97238.0,36.0,1338471.0,36.0,22675.0,9.0,6724932.0,112.0,20344.0,2.0,0.0,0.0,25977.0,71.0,221010_02_8A
231,5440.0,2783.0,3.0,182.0,2.0,0.0,0.0,0.0,0.0,0.0,0.0,0.0,0.0,0.0,0.0,2601.0,1.0,221010_JB_8B
232,54580.0,8104253.0,461.0,203795.0,88.0,3655889.0,49.0,578508.0,28.0,3425573.0,148.0,180862.0,8.0,0.0,0.0,59626.0,139.0,221010_6C_8C
233,15694.0,1817775.0,69.0,112645.0,2.0,301072.0,13.0,153827.0,15.0,1061924.0,31.0,184556.0,4.0,0.0,0.0,2763.0,3.0,221010_SZ_8E
234,31256.0,2136220.0,99.0,51405.0,9.0,1855219.0,31.0,33640.0,2.0,9947.0,30.0,139896.0,3.0,0.0,0.0,41827.0,22.0,221010_H9_8F
235,35983.0,2749932.0,354.0,66964.0,44.0,1670952.0,51.0,163021.0,8.0,350501.0,148.0,166172.0,4.0,0.0,0.0,332218.0,98.0,221010_F5_8G
236,21655.0,2601.0,1.0,0.0,0.0,0.0,0.0,0.0,0.0,0.0,0.0,0.0,0.0,0.0,0.0,2601.0,1.0,221010_XC_8H
237,8016.0,576343.0,89.0,8023.0,4.0,332222.0,36.0,54783.0,20.0,108163.0,18.0,0.0,0.0,0.0,0.0,72190.0,10.0,221010_DB_8J
238,15097.0,2375053.0,161.0,139164.0,3.0,555166.0,22.0,45917.0,3.0,1314684.0,86.0,297524.0,14.0,0.0,0.0,22598.0,33.0,221010_SF_8K
239,18628.0,4189683.0,35.0,19947.0,2.0,2860962.0,13.0,288874.0,2.0,49398.0,2.0,140732.0,1.0,0.0,0.0,780542.0,12.0,221010_88_8M
240,46541.0,11298963.0,238.0,27679.0,95.0,1708274.0,14.0,283107.0,5.0,9065764.0,107.0,208548.0,11.0,0.0,0.0,2774.0,5.0,221010_3N_8N
241,27289.0,2749882.0,211.0,69252.0,16.0,998911.0,88.0,198862.0,42.0,997820.0,42.0,342120.0,9.0,0.0,0.0,142917.0,14.0,221010_JE_8Q
242,15194.0,391366.0,65.0,1936.0,2.0,267517.0,30.0,357.0,1.0,112105.0,22.0,0.0,0.0,0.0,0.0,5165.0,9.0,221010_T2_8R
243,46273.0,3229316.0,423.0,392782.0,73.0,2346350.0,83.0,6758.0,3.0,159187.0,128.0,189708.0,7.0,0.0,0.0,134531.0,124.0,221010_TE_8S
244,42190.0,9852970.0,160.0,105896.0,11.0,2854186.0,34.0,418395.0,8.0,6289686.0,83.0,89720.0,2.0,0.0,0.0,95087.0,22.0,221010_JM_8V
245,22771.0,1149492.0,80.0,49753.0,8.0,862731.0,38.0,32474.0,3.0,70834.0,7.0,118164.0,6.0,0.0,0.0,15077.0,17.0,221010_49_8W
246,22706.0,1592639.0,51.0,15347.0,7.0,382188.0,19.0,56410.0,4.0,923833.0,10.0,164460.0,3.0,0.0,0.0,20475.0,6.0,221010_F4_8X
247,7437.0,803814.0,44.0,23865.0,2.0,87141.0,11.0,86790.0,11.0,287488.0,14.0,315928.0,4.0,0.0,0.0,2602.0,2.0,221010_WZ_8Y
248,40248.0,2436295.0,167.0,58892.0,11.0,1643906.0,63.0,264081.0,13.0,105485.0,30.0,357768.0,5.0,0.0,0.0,6163.0,45.0,221010_MX_8Z
249,12821.0,959072.0,55.0,21484.0,2.0,353228.0,13.0,50267.0,3.0,446592.0,29.0,84864.0,3.0,0.0,0.0,2637.0,5.0,221010_5Z_90
250,8605.0,981159.0,64.0,24105.0,2.0,238277.0,22.0,157127.0,13.0,398208.0,18.0,160804.0,6.0,0.0,0.0,2638.0,3.0,221010_43_91
251,31959.0,3793323.0,117.0,15337.0,3.0,154501.0,3.0,20729.0,3.0,3475801.0,95.0,121188.0,5.0,0.0,0.0,4617.0,7.0,221010_D8_92
252,32473.0,4744008.0,172.0,27576.0,2.0,3480545.0,69.0,181635.0,33.0,962084.0,48.0,65814.0,4.0,0.0,0.0,26354.0,16.0,221010_9Q_93
253,22959.0,1747706.0,114.0,71480.0,9.0,1328528.0,36.0,0.0,0.0,209734.0,31.0,100268.0,5.0,0.0,0.0,3202.0,26.0,221010_XK_95
254,54583.0,5838619.0,463.0,143714.0,87.0,2356740.0,71.0,51736.0,16.0,2088908.0,152.0,149973.0,7.0,824279.0,1.0,223269.0,112.0,221010_VM_97
255,18640.0,8009004.0,115.0,49956.0,2.0,1086221.0,30.0,8593.0,2.0,6670005.0,64.0,188344.0,3.0,0.0,0.0,5885.0,14.0,221010_JH_98
256,4773.0,13880.0,2.0,11279.0,1.0,0.0,0.0,0.0,0.0,0.0,0.0,0.0,0.0,0.0,0.0,2601.0,1.0,221010_BT_99
257,124011.0,9350772.0,1055.0,279948.0,129.0,2604479.0,155.0,125506.0,24.0,5557294.0,170.0,509976.0,13.0,0.0,0.0,273569.0,558.0,221010_XY_9A
258,5496.0,762196.0,20.0,29200.0,1.0,164499.0,6.0,30518.0,4.0,535378.0,7.0,0.0,0.0,0.0,0.0,2601.0,2.0,221010_TF_9C
259,11818.0,783860.0,65.0,19585.0,2.0,339294.0,17.0,146489.0,11.0,208861.0,24.0,66428.0,3.0,0.0,0.0,3203.0,8.0,221010_G9_9E
260,65180.0,8901188.0,171.0,38612.0,9.0,1468106.0,51.0,77831.0,4.0,6918491.0,62.0,335173.0,8.0,0.0,0.0,62975.0,37.0,221010_KC_9F
261,23529.0,1839326.0,119.0,38584.0,10.0,1185545.0,44.0,237033.0,39.0,342643.0,19.0,30856.0,1.0,0.0,0.0,4665.0,6.0,221010_YF_9G
262,16413.0,4441843.0,91.0,12190.0,1.0,1070900.0,19.0,136628.0,12.0,3153304.0,53.0,65452.0,1.0,0.0,0.0,3369.0,5.0,221010_KS_9H
263,18818.0,1215260.0,68.0,42546.0,2.0,804887.0,28.0,6366.0,10.0,304720.0,17.0,38704.0,2.0,0.0,0.0,2951.0,7.0,221010_KZ_9J
264,15040.0,1979134.0,112.0,153494.0,2.0,996730.0,14.0,42013.0,3.0,475856.0,79.0,308152.0,3.0,0.0,0.0,2889.0,11.0,221010_WW_9K
265,26023.0,997984.0,63.0,57384.0,1.0,704641.0,24.0,30370.0,9.0,70076.0,4.0,67548.0,4.0,0.0,0.0,67965.0,21.0,221010_SA_9M
266,50323.0,1753450.0,170.0,164431.0,9.0,1087696.0,40.0,0.0,0.0,33326.0,84.0,83728.0,2.0,0.0,0.0,384269.0,35.0,221010_N7_9N
267,54892.0,4442851.0,502.0,334984.0,66.0,1847610.0,51.0,192754.0,1.0,1937591.0,169.0,50264.0,4.0,0.0,0.0,79648.0,210.0,221010_DS_9P
268,28090.0,8979920.0,88.0,102422.0,6.0,346277.0,12.0,303.0,1.0,8354186.0,50.0,27431.0,1.0,0.0,0.0,149301.0,18.0,221010_2C_9Q
269,46224.0,3731022.0,254.0,71237.0,29.0,2238223.0,71.0,158729.0,5.0,1127507.0,39.0,105539.0,2.0,0.0,0.0,29477.0,77.0,221010_WG_9S
270,28966.0,5422164.0,171.0,231121.0,29.0,2913351.0,30.0,423555.0,5.0,1627423.0,81.0,181596.0,7.0,0.0,0.0,45118.0,19.0,221010_ZM_9T
271,14480.0,486647.0,75.0,16400.0,2.0,200854.0,25.0,38141.0,2.0,179063.0,35.0,47248.0,3.0,0.0,0.0,3791.0,7.0,221010_7N_9V
272,4804.0,744134.0,23.0,26546.0,1.0,2888.0,1.0,107223.0,2.0,488454.0,14.0,116386.0,3.0,0.0,0.0,2637.0,2.0,221010_95_9W
273,48766.0,9416878.0,396.0,120074.0,16.0,1458090.0,243.0,213077.0,22.0,7067538.0,84.0,552716.0,12.0,0.0,0.0,5383.0,16.0,221010_Y0_9X
274,28647.0,1990621.0,86.0,67401.0,2.0,889996.0,21.0,44146.0,3.0,878083.0,40.0,108200.0,8.0,0.0,0.0,2795.0,11.0,221010_Z0_9Y
275,23620.0,418410.0,25.0,3030.0,3.0,123341.0,6.0,34405.0,4.0,134434.0,3.0,119931.0,5.0,0.0,0.0,2637.0,3.0,221010_ND_9Z
276,22125.0,2078821.0,95.0,258731.0,5.0,1444245.0,28.0,50122.0,1.0,56582.0,20.0,185492.0,5.0,0.0,0.0,83649.0,35.0,221010_AM_A1
277,7255.0,478084.0,28.0,22912.0,2.0,111654.0,3.0,34865.0,1.0,205475.0,15.0,100572.0,4.0,0.0,0.0,2606.0,3.0,221010_EN_A3
278,5998.0,357965.0,28.0,61001.0,6.0,230242.0,9.0,47968.0,2.0,12343.0,7.0,0.0,0.0,0.0,0.0,4514.0,3.0,221010_VM_A5
279,11600.0,459853.0,31.0,28934.0,2.0,132568.0,14.0,105783.0,2.0,113862.0,6.0,74128.0,4.0,0.0,0.0,2673.0,2.0,221010_F7_A6
280,20170.0,2898897.0,95.0,38135.0,2.0,971825.0,19.0,456942.0,9.0,1336335.0,54.0,74756.0,3.0,0.0,0.0,20904.0,8.0,221010_JP_A7
281,24390.0,1939746.0,173.0,229827.0,43.0,629279.0,42.0,155502.0,15.0,727484.0,43.0,184200.0,8.0,0.0,0.0,13454.0,22.0,221010_2W_A8
282,55083.0,3554337.0,273.0,395668.0,49.0,1671628.0,63.0,45842.0,11.0,324097.0,67.0,274436.0,11.0,766652.0,1.0,76014.0,63.0,221010_ZQ_A9
283,38979.0,3023775.0,223.0,24855.0,18.0,1285545.0,39.0,62133.0,3.0,1472479.0,85.0,66016.0,2.0,0.0,0.0,112747.0,73.0,221010_BW_AA
284,13423.0,944953.0,40.0,5318.0,1.0,176901.0,10.0,22220.0,8.0,367657.0,12.0,0.0,0.0,0.0,0.0,2787.0,8.0,221010_2Q_AB
285,30983.0,4352371.0,76.0,13662.0,3.0,1242270.0,19.0,84921.0,1.0,2780604.0,43.0,221576.0,3.0,0.0,0.0,9338.0,7.0,221010_AN_AC
286,22179.0,5233664.0,248.0,45451.0,11.0,1285595.0,98.0,328303.0,4.0,3554986.0,93.0,0.0,0.0,0.0,1.0,19329.0,41.0,221010_D8_AD
287,4026.0,7460.0,4.0,4856.0,2.0,0.0,0.0,2604.0,1.0,0.0,0.0,0.0,0.0,0.0,0.0,0.0,0.0,221010_3P_AF
288,6280.0,158487.0,10.0,3048.0,3.0,0.0,0.0,645.0,1.0,86177.0,2.0,66016.0,2.0,0.0,0.0,2601.0,1.0,221010_3Y_AG
289,22797.0,1908656.0,106.0,127654.0,13.0,1382849.0,33.0,25117.0,2.0,253247.0,47.0,95024.0,2.0,0.0,0.0,24765.0,9.0,221010_JB_AH
290,31187.0,5974174.0,158.0,42700.0,6.0,912579.0,47.0,222209.0,34.0,4660606.0,56.0,133136.0,3.0,0.0,0.0,2944.0,12.0,221010_KT_AJ
291,24186.0,5872746.0,284.0,233320.0,2.0,1025713.0,67.0,106885.0,90.0,1468432.0,100.0,39032.0,2.0,2718712.0,2.0,276394.0,19.0,221010_W1_AK
292,35412.0,11259794.0,188.0,103216.0,35.0,1463138.0,55.0,27275.0,7.0,9556660.0,45.0,53776.0,2.0,0.0,0.0,54579.0,41.0,221010_NH_AM
293,98475.0,5521228.0,141.0,10979.0,3.0,182294.0,15.0,33975.0,10.0,5141663.0,89.0,148956.0,5.0,0.0,0.0,3361.0,19.0,221010_JE_AN
294,15249.0,4356158.0,172.0,43432.0,3.0,796936.0,52.0,3651.0,1.0,3421106.0,67.0,77184.0,6.0,0.0,0.0,9563.0,42.0,221010_DX_AP
295,13091.0,1106280.0,88.0,16376.0,2.0,272599.0,7.0,20215.0,1.0,794113.0,73.0,0.0,0.0,0.0,0.0,2649.0,4.0,221010_D6_AQ
296,15570.0,588145.0,43.0,10855.0,3.0,100035.0,10.0,35472.0,1.0,302212.0,25.0,104932.0,2.0,0.0,0.0,2601.0,1.0,221010_GZ_AR
297,6020.0,296662.0,32.0,17810.0,2.0,2883.0,1.0,60895.0,2.0,92660.0,21.0,119761.0,4.0,0.0,0.0,2653.0,2.0,221010_71_AS
298,46587.0,4537942.0,342.0,96255.0,15.0,3026987.0,242.0,505485.0,12.0,548753.0,47.0,318170.0,8.0,0.0,0.0,42292.0,18.0,221010_1F_AT
299,63061.0,2776591.0,624.0,142044.0,100.0,1703946.0,62.0,52929.0,8.0,591866.0,167.0,156728.0,2.0,0.0,0.0,129078.0,284.0,221010_B6_AW
300,20775.0,1535318.0,289.0,12053.0,3.0,961536.0,18.0,26904.0,2.0,382369.0,92.0,137684.0,3.0,0.0,0.0,14772.0,170.0,221010_Y3_AX
301,99892.0,14741405.0,146.0,49812.0,8.0,503272.0,28.0,37762.0,5.0,14142740.0,71.0,0.0,0.0,0.0,0.0,6925.0,27.0,221010_V4_AY
302,15089.0,2761892.0,81.0,36449.0,3.0,163103.0,9.0,28749.0,3.0,2527643.0,60.0,0.0,0.0,0.0,0.0,5223.0,5.0,221010_Y1_AZ
303,24916.0,3940480.0,122.0,82197.0,2.0,2648704.0,49.0,516.0,1.0,415756.0,30.0,117500.0,5.0,659467.0,1.0,16340.0,34.0,221010_2S_B1
304,30027.0,2758921.0,103.0,100620.0,1.0,1433308.0,39.0,0.0,0.0,1103673.0,34.0,65652.0,3.0,0.0,0.0,55668.0,26.0,221010_YJ_B2
305,7900.0,1289148.0,28.0,3546.0,2.0,557920.0,2.0,120096.0,3.0,394179.0,6.0,208700.0,5.0,0.0,0.0,3462.0,7.0,221010_Y7_B3
306,1374.0,10834.0,3.0,8230.0,1.0,0.0,0.0,2604.0,1.0,0.0,0.0,0.0,0.0,0.0,0.0,0.0,0.0,221010_C5_B4
307,9966.0,1441960.0,57.0,79146.0,2.0,295930.0,5.0,266317.0,2.0,720767.0,43.0,77160.0,1.0,0.0,0.0,2640.0,4.0,221010_9J_B6
308,41202.0,4356610.0,411.0,105715.0,43.0,1599483.0,68.0,111286.0,13.0,2303885.0,171.0,210680.0,5.0,0.0,0.0,25561.0,103.0,221010_ES_B8
309,41839.0,3070938.0,386.0,273699.0,74.0,2114872.0,48.0,4254.0,1.0,212663.0,138.0,70060.0,2.0,357031.0,1.0,38359.0,113.0,221010_N5_B9
310,26881.0,1206863.0,166.0,238401.0,34.0,530775.0,27.0,2075.0,3.0,378704.0,68.0,42796.0,2.0,0.0,0.0,13410.0,25.0,221010_QV_BB
311,13371.0,923920.0,64.0,8188.0,4.0,79501.0,8.0,30207.0,7.0,581005.0,36.0,222188.0,5.0,0.0,0.0,2831.0,3.0,221010_FX_BC
312,8905.0,233882.0,29.0,3082.0,3.0,157860.0,11.0,65562.0,8.0,3853.0,4.0,0.0,0.0,0.0,0.0,2869.0,2.0,221010_FV_BD
313,14921.0,1451036.0,99.0,48091.0,5.0,794654.0,33.0,316715.0,39.0,197002.0,14.0,91688.0,2.0,0.0,0.0,2886.0,6.0,221010_FY_BE
314,1887.0,9067.0,2.0,6891.0,1.0,0.0,0.0,2176.0,1.0,0.0,0.0,0.0,0.0,0.0,0.0,0.0,0.0,221010_QB_BF
315,67064.0,3556008.0,522.0,154697.0,86.0,1528938.0,68.0,10399.0,4.0,1709618.0,183.0,95248.0,6.0,0.0,0.0,57108.0,171.0,221010_8J_BJ
316,41064.0,4131423.0,82.0,14296.0,7.0,2090898.0,11.0,0.0,0.0,592988.0,22.0,216511.0,7.0,65536.0,1.0,1151194.0,32.0,221010_77_BK
317,37267.0,7225624.0,230.0,76047.0,4.0,1625390.0,51.0,211422.0,47.0,5054983.0,98.0,253094.0,5.0,0.0,0.0,3538.0,24.0,221010_M5_BM
318,19071.0,335113.0,15.0,52137.0,5.0,157136.0,3.0,19970.0,1.0,103209.0,4.0,0.0,0.0,0.0,0.0,2661.0,2.0,221010_VD_BN
319,55170.0,844371.0,14.0,8265.0,1.0,234650.0,4.0,163168.0,3.0,249293.0,2.0,185712.0,2.0,0.0,0.0,3283.0,2.0,221010_86_BP
320,12592.0,1350368.0,61.0,84716.0,1.0,634321.0,23.0,0.0,0.0,566742.0,21.0,40048.0,2.0,0.0,0.0,9455.0,13.0,221010_HN_BQ
321,40384.0,3061114.0,501.0,161115.0,88.0,2505518.0,75.0,63803.0,6.0,188745.0,156.0,82376.0,4.0,0.0,0.0,59557.0,171.0,221010_G9_BR
322,55424.0,15278444.0,219.0,109551.0,52.0,2987936.0,40.0,626930.0,45.0,11399449.0,55.0,57844.0,1.0,0.0,0.0,95648.0,25.0,221010_5X_BS
323,20843.0,1048021.0,110.0,128571.0,15.0,329814.0,18.0,54344.0,8.0,451747.0,49.0,78332.0,4.0,0.0,0.0,2725.0,15.0,221010_40_BT
324,15529.0,912923.0,58.0,30946.0,1.0,350096.0,8.0,153014.0,3.0,350062.0,29.0,0.0,0.0,0.0,0.0,28805.0,17.0,221010_DD_BV
325,82385.0,22669682.0,379.0,404850.0,46.0,2672554.0,78.0,36955.0,13.0,1523913.0,103.0,461828.0,17.0,17505432.0,5.0,64150.0,116.0,221010_SX_BW
326,18180.0,2438100.0,113.0,85731.0,27.0,591351.0,31.0,158950.0,9.0,1237803.0,25.0,350924.0,7.0,0.0,0.0,13341.0,14.0,221010_6X_BX
327,19178.0,982462.0,82.0,43289.0,3.0,732056.0,37.0,11672.0,2.0,98420.0,24.0,79064.0,4.0,0.0,0.0,17961.0,12.0,221010_C8_BY
328,5130.0,658393.0,28.0,70631.0,3.0,2883.0,1.0,0.0,0.0,492186.0,20.0,90056.0,2.0,0.0,0.0,2637.0,2.0,221010_P1_BZ
329,11802.0,3225273.0,44.0,11690.0,2.0,2732706.0,14.0,47656.0,3.0,238681.0,11.0,180945.0,4.0,0.0,0.0,13595.0,10.0,221010_44_C0
330,17651.0,1150911.0,146.0,33730.0,22.0,927155.0,52.0,22905.0,2.0,20363.0,32.0,142948.0,4.0,0.0,0.0,3810.0,34.0,221010_YJ_C1
331,25491.0,2307824.0,106.0,18413.0,5.0,618748.0,21.0,98487.0,2.0,1446994.0,60.0,121392.0,1.0,0.0,0.0,2896.0,15.0,221010_KA_C2
332,45338.0,7187391.0,276.0,281111.0,32.0,3331294.0,47.0,439540.0,17.0,2559743.0,139.0,244122.0,3.0,0.0,0.0,331045.0,37.0,221010_0R_C3
333,7285.0,436916.0,44.0,37050.0,4.0,290230.0,26.0,0.0,0.0,54162.0,8.0,52760.0,3.0,0.0,0.0,2714.0,3.0,221010_DW_C4
334,23152.0,2041138.0,136.0,267476.0,32.0,616517.0,23.0,204623.0,9.0,814977.0,42.0,123996.0,6.0,0.0,0.0,13549.0,24.0,221010_HN_C5
335,19302.0,7830774.0,78.0,46798.0,4.0,495811.0,21.0,14785.0,2.0,758950.0,35.0,33664.0,1.0,6476664.0,3.0,3145.0,11.0,221010_M0_C6
336,75311.0,18404247.0,80.0,72246.0,7.0,595067.0,14.0,253680.0,5.0,17330596.0,43.0,146700.0,2.0,0.0,0.0,3289.0,8.0,221010_WD_C7
337,12193.0,674953.0,41.0,3654.0,1.0,343539.0,10.0,11280.0,4.0,42634.0,19.0,270392.0,2.0,0.0,0.0,3454.0,5.0,221010_93_C8
338,26456.0,5619719.0,112.0,238976.0,10.0,2768414.0,14.0,422765.0,6.0,1920732.0,62.0,233512.0,8.0,0.0,0.0,34426.0,11.0,221010_5D_CA
339,2569.0,7554.0,3.0,4950.0,1.0,0.0,0.0,2604.0,1.0,0.0,0.0,0.0,0.0,0.0,0.0,0.0,0.0,221010_7R_CB
340,4828.0,507415.0,25.0,26617.0,1.0,3538.0,2.0,44756.0,2.0,405858.0,17.0,23993.0,1.0,0.0,0.0,2653.0,2.0,221010_SW_CC
341,25246.0,3238466.0,160.0,63447.0,5.0,1322551.0,73.0,267898.0,37.0,786674.0,18.0,776716.0,15.0,0.0,0.0,21180.0,12.0,221010_Z3_CD
342,4770.0,2601.0,1.0,0.0,0.0,0.0,0.0,0.0,0.0,0.0,0.0,0.0,0.0,0.0,0.0,2601.0,1.0,221010_2R_CE
343,29741.0,1238940.0,122.0,14115.0,14.0,1011379.0,29.0,25314.0,4.0,92621.0,30.0,83230.0,2.0,0.0,0.0,8874.0,42.0,221010_0T_CF
344,5196.0,583573.0,49.0,15651.0,1.0,216089.0,11.0,134550.0,10.0,146506.0,22.0,68104.0,2.0,0.0,0.0,2673.0,3.0,221010_4A_CG
345,13623.0,857009.0,84.0,75215.0,2.0,507450.0,45.0,53965.0,19.0,217661.0,14.0,0.0,0.0,0.0,0.0,2718.0,4.0,221010_5G_CH
346,16356.0,1818270.0,80.0,99603.0,15.0,740533.0,29.0,40891.0,3.0,923529.0,24.0,0.0,0.0,0.0,0.0,13714.0,9.0,221010_1F_CJ
347,120492.0,8775887.0,255.0,68484.0,6.0,5274147.0,77.0,1174805.0,4.0,2064771.0,126.0,88596.0,1.0,0.0,0.0,105084.0,37.0,221010_RG_CK
348,7049.0,804863.0,31.0,3878.0,1.0,446209.0,12.0,15864.0,2.0,11476.0,3.0,3180.0,1.0,0.0,0.0,324256.0,12.0,221010_KE_CM
349,9941.0,1563207.0,64.0,1353.0,1.0,493469.0,16.0,34202.0,3.0,64087.0,34.0,0.0,0.0,0.0,0.0,970073.0,9.0,221010_NM_CN
350,9214.0,251610.0,15.0,51940.0,5.0,157136.0,3.0,19970.0,1.0,19903.0,4.0,0.0,0.0,0.0,0.0,2661.0,2.0,221010_9F_CP
351,55266.0,2072684.0,492.0,363273.0,62.0,1096906.0,37.0,41826.0,3.0,152132.0,212.0,366456.0,3.0,0.0,0.0,52091.0,168.0,221010_SR_CQ
352,54229.0,10180578.0,321.0,271593.0,30.0,4626604.0,86.0,467376.0,24.0,2635954.0,121.0,117388.0,3.0,608.0,1.0,2061055.0,56.0,221010_KV_CR
353,9849.0,898803.0,112.0,54109.0,2.0,238273.0,7.0,14102.0,1.0,580509.0,89.0,0.0,0.0,0.0,0.0,2726.0,12.0,221010_KS_CS
354,18632.0,454790.0,61.0,20099.0,2.0,243720.0,24.0,31299.0,14.0,132891.0,15.0,24115.0,1.0,0.0,0.0,2666.0,5.0,221010_2D_CT
355,54388.0,3223491.0,198.0,261331.0,5.0,1543705.0,66.0,22452.0,12.0,1293726.0,79.0,72256.0,3.0,0.0,0.0,30021.0,33.0,221010_N1_CV
356,20580.0,1643905.0,119.0,211571.0,7.0,661309.0,63.0,121962.0,22.0,515091.0,7.0,120439.0,11.0,0.0,0.0,13533.0,9.0,221010_B5_CW
357,6995.0,347419.0,22.0,8612.0,1.0,57586.0,3.0,19002.0,3.0,215706.0,6.0,42896.0,4.0,0.0,0.0,3059.0,3.0,221010_NM_CY
358,23883.0,3548499.0,53.0,40920.0,5.0,2289702.0,22.0,104927.0,3.0,857834.0,15.0,252160.0,3.0,0.0,0.0,2956.0,5.0,221010_67_CZ
359,44704.0,6854029.0,128.0,23342.0,5.0,951481.0,17.0,44912.0,6.0,5794832.0,74.0,31016.0,3.0,0.0,0.0,3016.0,22.0,221010_P5_D1
360,4869.0,2601.0,1.0,0.0,0.0,0.0,0.0,0.0,0.0,0.0,0.0,0.0,0.0,0.0,0.0,2601.0,1.0,221010_CE_D2
361,11444.0,138672.0,15.0,12604.0,8.0,107899.0,2.0,0.0,0.0,15532.0,3.0,0.0,0.0,0.0,0.0,2637.0,2.0,221010_YA_D4
362,25184.0,1813088.0,121.0,72538.0,11.0,1095446.0,68.0,249998.0,23.0,362467.0,10.0,18548.0,2.0,0.0,0.0,14091.0,7.0,221010_34_D5
363,66935.0,9767300.0,552.0,110670.0,89.0,2089047.0,62.0,128185.0,8.0,2469562.0,167.0,52632.0,2.0,4754800.0,1.0,162300.0,222.0,221010_4N_D6
364,28701.0,2059803.0,134.0,121711.0,13.0,1538277.0,61.0,7952.0,3.0,244185.0,23.0,0.0,0.0,0.0,0.0,147678.0,34.0,221010_0K_D7
365,48075.0,5731079.0,160.0,88482.0,13.0,3315435.0,67.0,480450.0,16.0,314744.0,25.0,227950.0,5.0,791696.0,9.0,512322.0,24.0,221010_AT_D8
366,23224.0,2842880.0,109.0,37051.0,12.0,730684.0,37.0,35145.0,6.0,1868186.0,37.0,111752.0,7.0,2116.0,1.0,40404.0,8.0,221010_4N_D9
367,21445.0,2601.0,1.0,0.0,0.0,0.0,0.0,0.0,0.0,0.0,0.0,0.0,0.0,0.0,0.0,2601.0,1.0,221010_AF_DC
368,23213.0,1286331.0,139.0,68778.0,3.0,702986.0,69.0,106365.0,26.0,305793.0,24.0,92552.0,5.0,0.0,0.0,9857.0,12.0,221010_DP_DD
369,25399.0,5658200.0,124.0,96492.0,1.0,1005834.0,64.0,31304.0,3.0,4372381.0,37.0,141120.0,4.0,0.0,0.0,5639.0,14.0,221010_DV_DE
370,6599.0,1499756.0,23.0,18031.0,1.0,3538.0,2.0,49917.0,2.0,1299102.0,10.0,105388.0,5.0,0.0,0.0,2637.0,2.0,221010_5N_DF
371,27326.0,2664529.0,55.0,28689.0,5.0,581735.0,15.0,24887.0,2.0,1688635.0,16.0,79588.0,3.0,0.0,0.0,260995.0,14.0,221010_S8_DG
372,61002.0,23290024.0,274.0,225058.0,20.0,3788119.0,70.0,587385.0,28.0,5470361.0,88.0,135716.0,2.0,12955479.0,20.0,127906.0,44.0,221010_0J_DH
373,11525.0,138835.0,15.0,12915.0,8.0,107751.0,2.0,0.0,0.0,15532.0,3.0,0.0,0.0,0.0,0.0,2637.0,2.0,221010_YV_DJ
374,6464.0,1753211.0,69.0,30026.0,7.0,533049.0,22.0,127223.0,16.0,421988.0,14.0,638080.0,7.0,0.0,0.0,2845.0,3.0,221010_TE_DK
375,37681.0,4435196.0,169.0,44718.0,4.0,1782890.0,72.0,94105.0,10.0,181333.0,36.0,92592.0,3.0,2234824.0,18.0,4734.0,26.0,221010_TQ_DM
376,68899.0,36225419.0,106.0,104873.0,8.0,570294.0,9.0,160279.0,2.0,35028349.0,74.0,357000.0,7.0,0.0,0.0,3474.0,5.0,221010_EP_DN
377,39849.0,8650844.0,257.0,251796.0,15.0,3146755.0,46.0,441551.0,16.0,4508188.0,164.0,268784.0,5.0,0.0,0.0,33770.0,11.0,221010_8Q_DP
378,41267.0,1459185.0,483.0,107659.0,99.0,807123.0,34.0,12527.0,2.0,408180.0,180.0,9535.0,1.0,0.0,0.0,113692.0,165.0,221010_9P_DR
379,86284.0,18252619.0,272.0,461283.0,41.0,2869135.0,24.0,566692.0,12.0,10011898.0,93.0,275280.0,8.0,3605431.0,1.0,462900.0,93.0,221010_75_DS
380,6573.0,269795.0,30.0,14161.0,1.0,161795.0,11.0,37093.0,7.0,9925.0,4.0,42848.0,2.0,0.0,0.0,2663.0,4.0,221010_H8_DV
381,10441.0,2701273.0,80.0,10799.0,9.0,351967.0,11.0,164850.0,11.0,883378.0,25.0,0.0,0.0,0.0,0.0,1290279.0,23.0,221010_D6_DW
382,4970.0,2601.0,3.0,0.0,0.0,0.0,0.0,0.0,0.0,0.0,0.0,0.0,0.0,0.0,0.0,2601.0,3.0,221010_XN_DX
383,120947.0,66691342.0,239.0,82329.0,9.0,2880105.0,38.0,571624.0,32.0,62817346.0,137.0,304900.0,8.0,0.0,0.0,35038.0,13.0,221010_VN_DY
384,8004.0,784753.0,43.0,23539.0,1.0,562821.0,16.0,177624.0,14.0,18076.0,8.0,0.0,0.0,0.0,0.0,2693.0,2.0,221010_J8_DZ
385,20062.0,3217873.0,67.0,113969.0,5.0,1436198.0,31.0,269762.0,3.0,1164012.0,12.0,157759.0,2.0,0.0,0.0,76173.0,14.0,221010_G3_E1
386,8918.0,1836225.0,98.0,21532.0,2.0,461661.0,51.0,140723.0,17.0,786835.0,16.0,422787.0,7.0,0.0,0.0,2687.0,5.0,221010_DT_E2
387,55340.0,4594314.0,478.0,174456.0,90.0,1161623.0,43.0,195261.0,6.0,2839399.0,147.0,161464.0,3.0,0.0,0.0,62111.0,188.0,221010_VT_E3
388,19488.0,1101077.0,126.0,76161.0,2.0,455235.0,8.0,10023.0,1.0,407866.0,89.0,88988.0,2.0,0.0,0.0,45846.0,23.0,221010_FJ_E4
389,16531.0,3002786.0,231.0,109461.0,3.0,648350.0,31.0,125741.0,8.0,2038455.0,183.0,78168.0,1.0,0.0,0.0,2611.0,5.0,221010_G5_E5
390,25083.0,2016202.0,160.0,104100.0,7.0,593328.0,17.0,45782.0,3.0,1195450.0,122.0,73552.0,3.0,0.0,0.0,3221.0,7.0,221010_00_E6
391,33813.0,4587013.0,83.0,108528.0,9.0,866726.0,20.0,80821.0,5.0,1610942.0,26.0,15140.0,1.0,1889793.0,1.0,15063.0,21.0,221010_CP_E7
392,4891.0,2601.0,1.0,0.0,0.0,0.0,0.0,0.0,0.0,0.0,0.0,0.0,0.0,0.0,0.0,2601.0,1.0,221010_AD_E9
393,9222.0,1140873.0,95.0,79330.0,4.0,152867.0,21.0,265860.0,30.0,338827.0,30.0,301352.0,8.0,0.0,0.0,2637.0,2.0,221010_WV_EA
394,55363.0,83694.0,9.0,3047.0,1.0,72998.0,3.0,2635.0,1.0,1738.0,1.0,0.0,0.0,0.0,0.0,3276.0,3.0,221010_TP_EC
395,14851.0,459896.0,64.0,27951.0,4.0,272077.0,17.0,15468.0,5.0,47935.0,23.0,31516.0,2.0,0.0,0.0,64949.0,13.0,221010_KB_ED
396,5951.0,2601.0,4.0,0.0,2.0,0.0,0.0,0.0,0.0,0.0,0.0,0.0,0.0,0.0,0.0,2601.0,1.0,221010_2G_EE
397,21546.0,1768202.0,123.0,47602.0,20.0,1559490.0,47.0,11524.0,7.0,52495.0,15.0,56508.0,3.0,0.0,0.0,38488.0,27.0,221010_2P_EF
398,27556.0,3452429.0,107.0,38820.0,6.0,588777.0,27.0,118833.0,12.0,2529176.0,48.0,163336.0,8.0,0.0,0.0,13487.0,6.0,221010_BP_EG
399,1209.0,7468.0,3.0,4864.0,1.0,0.0,0.0,2604.0,1.0,0.0,0.0,0.0,0.0,0.0,0.0,0.0,0.0,221010_G2_EH
400,12085.0,4148985.0,119.0,129430.0,5.0,526278.0,22.0,56589.0,9.0,3255274.0,57.0,177639.0,7.0,0.0,0.0,3492.0,18.0,221010_8M_EN
401,36868.0,1698798.0,104.0,155910.0,6.0,795341.0,24.0,88561.0,4.0,461186.0,40.0,189540.0,5.0,0.0,0.0,2830.0,24.0,221010_6A_EP
402,40704.0,6085014.0,97.0,153192.0,7.0,3291655.0,29.0,401460.0,6.0,2099908.0,38.0,102324.0,4.0,0.0,0.0,35325.0,12.0,221010_31_EQ
403,67991.0,5914553.0,253.0,98574.0,21.0,3571514.0,64.0,514412.0,8.0,1496292.0,124.0,159656.0,5.0,0.0,0.0,70409.0,30.0,221010_29_ER
404,14432.0,1069653.0,43.0,67254.0,2.0,322970.0,6.0,80469.0,4.0,418853.0,20.0,176055.0,5.0,0.0,0.0,2870.0,4.0,221010_DQ_ES
405,9338.0,419671.0,18.0,2917.0,1.0,34214.0,3.0,1389.0,1.0,114178.0,5.0,262802.0,4.0,0.0,0.0,2649.0,3.0,221010_XD_ET
406,14665.0,1146829.0,88.0,72777.0,16.0,795263.0,33.0,11722.0,4.0,150130.0,21.0,102424.0,7.0,0.0,0.0,13737.0,6.0,221010_VS_EV
407,24425.0,2923097.0,169.0,47445.0,19.0,1326006.0,48.0,77912.0,9.0,1344527.0,72.0,97112.0,2.0,0.0,0.0,28309.0,18.0,221010_K6_EW
408,63782.0,12183730.0,138.0,95984.0,15.0,3115491.0,23.0,598121.0,6.0,1747789.0,41.0,153264.0,6.0,4869287.0,19.0,1603794.0,27.0,221010_3M_EX
409,4627.0,7786.0,3.0,2593.0,1.0,0.0,0.0,0.0,0.0,0.0,0.0,0.0,0.0,0.0,0.0,2601.0,1.0,221010_KJ_EY
410,41798.0,3007900.0,297.0,58422.0,23.0,1996786.0,115.0,19045.0,11.0,823957.0,84.0,0.0,0.0,0.0,0.0,109690.0,64.0,221010_EN_EZ
411,28906.0,2042034.0,174.0,23621.0,11.0,1295987.0,54.0,17234.0,5.0,592649.0,58.0,108004.0,6.0,0.0,0.0,3411.0,38.0,221010_RR_F0
412,19723.0,2200079.0,166.0,131799.0,18.0,1001606.0,43.0,38748.0,9.0,922975.0,76.0,77160.0,4.0,0.0,0.0,27791.0,16.0,221010_HX_F1
413,10460.0,249946.0,26.0,8501.0,4.0,76144.0,5.0,4063.0,1.0,157666.0,11.0,0.0,0.0,0.0,0.0,3094.0,4.0,221010_TB_F2
414,26422.0,1925881.0,210.0,73310.0,27.0,1451039.0,44.0,0.0,0.0,169574.0,51.0,190954.0,6.0,0.0,0.0,41004.0,80.0,221010_33_F3
415,27073.0,3160.0,2.0,559.0,1.0,0.0,0.0,0.0,0.0,0.0,0.0,0.0,0.0,0.0,0.0,2601.0,1.0,221010_AD_F4
416,11370.0,4120629.0,39.0,6242.0,2.0,246642.0,12.0,18049.0,4.0,148880.0,13.0,72264.0,2.0,3625368.0,1.0,2606.0,4.0,221010_VD_F5
417,6717.0,882013.0,49.0,26839.0,2.0,147109.0,19.0,72618.0,2.0,515246.0,19.0,117564.0,4.0,0.0,0.0,2637.0,2.0,221010_GY_F6
418,13048.0,2445147.0,121.0,138096.0,5.0,881811.0,36.0,1650.0,3.0,762169.0,47.0,631142.0,19.0,0.0,0.0,3456.0,10.0,221010_CV_F7
419,15562.0,997596.0,64.0,15648.0,2.0,431718.0,19.0,36244.0,10.0,472320.0,19.0,36580.0,4.0,0.0,0.0,4823.0,9.0,221010_VS_F8
420,1389.0,7595.0,4.0,4991.0,1.0,0.0,0.0,2604.0,1.0,0.0,0.0,0.0,0.0,0.0,0.0,0.0,1.0,221010_G4_FA
421,47393.0,3282180.0,318.0,144546.0,34.0,1744596.0,67.0,3076.0,2.0,219295.0,61.0,1065107.0,7.0,0.0,0.0,105560.0,146.0,221010_75_FB
422,15082.0,3522090.0,59.0,70668.0,2.0,98716.0,5.0,39072.0,5.0,2999026.0,26.0,308417.0,16.0,0.0,0.0,2640.0,4.0,221010_S1_FC
423,21312.0,4911551.0,111.0,11128.0,4.0,475304.0,18.0,81974.0,13.0,4227367.0,61.0,110980.0,6.0,0.0,0.0,3486.0,8.0,221010_9X_FD
424,27457.0,3854920.0,129.0,148563.0,32.0,2919290.0,34.0,406508.0,7.0,303650.0,23.0,31848.0,2.0,0.0,0.0,44377.0,30.0,221010_PC_FE
425,33092.0,2647449.0,116.0,362460.0,8.0,1430132.0,17.0,922.0,1.0,766007.0,65.0,26004.0,1.0,0.0,0.0,61924.0,24.0,221010_VR_FF
426,6788.0,743527.0,46.0,7836.0,1.0,614414.0,14.0,25359.0,7.0,90062.0,17.0,0.0,0.0,0.0,0.0,2730.0,6.0,221010_1M_FG
427,11340.0,803108.0,30.0,4375.0,1.0,222546.0,4.0,489.0,1.0,557471.0,19.0,11340.0,1.0,0.0,0.0,2601.0,3.0,221010_NB_FK
428,49259.0,2225102.0,275.0,183021.0,49.0,1375274.0,54.0,142970.0,5.0,319528.0,78.0,105848.0,3.0,70426.0,1.0,26885.0,81.0,221010_K5_FN
429,13069.0,926171.0,39.0,137006.0,3.0,93879.0,12.0,70234.0,6.0,538479.0,13.0,83936.0,2.0,0.0,0.0,2637.0,2.0,221010_6Q_FP
430,121042.0,4137978.0,511.0,138840.0,53.0,2457445.0,58.0,53533.0,9.0,1178334.0,85.0,224096.0,5.0,0.0,0.0,85252.0,299.0,221010_0Y_FQ
431,25579.0,5806584.0,90.0,121755.0,4.0,769081.0,24.0,30268.0,10.0,4869855.0,45.0,11744.0,1.0,0.0,0.0,3881.0,6.0,221010_BB_FR
432,4739.0,2601.0,1.0,0.0,0.0,0.0,0.0,0.0,0.0,0.0,0.0,0.0,0.0,0.0,0.0,2601.0,1.0,221010_JT_FS
433,2155.0,10889.0,4.0,8285.0,1.0,0.0,0.0,2604.0,1.0,0.0,0.0,0.0,0.0,0.0,0.0,0.0,1.0,221010_H3_FT
434,41233.0,4987618.0,63.0,33039.0,3.0,801369.0,15.0,211888.0,3.0,3161791.0,20.0,776716.0,15.0,0.0,0.0,2815.0,6.0,221010_N0_FV
435,23392.0,1939719.0,120.0,107994.0,3.0,1362082.0,54.0,109804.0,9.0,178836.0,21.0,174804.0,5.0,0.0,0.0,6199.0,26.0,221010_N3_FW
436,37938.0,4591617.0,95.0,61408.0,7.0,2798266.0,22.0,834488.0,15.0,690581.0,28.0,172412.0,5.0,0.0,0.0,33312.0,17.0,221010_A8_FX
437,49063.0,2720059.0,301.0,68358.0,30.0,1552647.0,52.0,97515.0,7.0,827066.0,130.0,148511.0,16.0,0.0,0.0,25962.0,66.0,221010_EF_FY
438,19610.0,1489567.0,60.0,77692.0,4.0,35045.0,3.0,8594.0,2.0,1365396.0,46.0,0.0,0.0,0.0,0.0,2840.0,5.0,221010_A5_FZ
439,10593.0,1373019.0,78.0,33187.0,3.0,520550.0,16.0,50461.0,13.0,636561.0,38.0,125964.0,4.0,0.0,0.0,2797.0,3.0,221010_ME_G0
440,9413.0,1587701.0,20.0,1404.0,1.0,1195576.0,6.0,15107.0,1.0,228840.0,6.0,0.0,0.0,0.0,0.0,145954.0,5.0,221010_7F_G1
441,18516.0,3895285.0,65.0,93179.0,7.0,1110513.0,18.0,120638.0,5.0,2144206.0,25.0,421444.0,3.0,0.0,0.0,4155.0,6.0,221010_KG_G2
442,20262.0,4806124.0,128.0,34995.0,4.0,440404.0,15.0,55248.0,3.0,4184376.0,89.0,66608.0,10.0,0.0,0.0,2671.0,6.0,221010_YR_G3
443,21137.0,4030895.0,86.0,34540.0,5.0,2860896.0,36.0,547139.0,8.0,331242.0,27.0,218304.0,1.0,0.0,0.0,33344.0,8.0,221010_BW_G4
444,9274.0,959873.0,47.0,8728.0,1.0,257434.0,7.0,44101.0,2.0,586236.0,29.0,60288.0,3.0,0.0,0.0,3086.0,5.0,221010_4C_G5
445,119581.0,4778839.0,953.0,183045.0,149.0,3264382.0,137.0,236823.0,10.0,658200.0,159.0,61680.0,2.0,2116.0,1.0,371443.0,469.0,221010_47_G6
446,18663.0,4901546.0,130.0,52515.0,8.0,809513.0,32.0,215687.0,10.0,3673207.0,65.0,136936.0,5.0,0.0,0.0,13688.0,10.0,221010_2A_G7
447,29020.0,1311887.0,354.0,122882.0,72.0,888026.0,38.0,0.0,0.0,205222.0,117.0,51384.0,2.0,0.0,0.0,38442.0,124.0,221010_B0_G8
448,24790.0,1950220.0,130.0,33787.0,2.0,976715.0,44.0,145245.0,25.0,623089.0,41.0,151484.0,2.0,0.0,0.0,4494.0,15.0,221010_T0_G9
449,21466.0,4816003.0,161.0,54580.0,3.0,3241966.0,87.0,361338.0,45.0,986521.0,7.0,161352.0,6.0,0.0,0.0,10246.0,13.0,221010_JB_GA
450,21154.0,1538632.0,108.0,73611.0,2.0,479498.0,11.0,47677.0,1.0,917369.0,76.0,16478.0,2.0,0.0,0.0,2849.0,15.0,221010_N2_GB
451,32931.0,9746443.0,474.0,44546.0,22.0,3097674.0,74.0,111329.0,11.0,1195129.0,271.0,243524.0,8.0,5014132.0,1.0,40109.0,87.0,221010_K9_GC
452,31301.0,1019541.0,101.0,95614.0,5.0,242265.0,26.0,28224.0,3.0,568208.0,48.0,44624.0,2.0,0.0,0.0,40390.0,15.0,221010_NK_GD
453,15852.0,1060164.0,70.0,99532.0,2.0,656251.0,16.0,3860.0,2.0,267853.0,28.0,25960.0,2.0,0.0,0.0,6708.0,20.0,221010_Z2_GE
454,16070.0,1193763.0,36.0,30764.0,3.0,407021.0,10.0,38743.0,1.0,702474.0,18.0,11564.0,1.0,0.0,0.0,3197.0,3.0,221010_7Q_GF
455,10633.0,338069.0,18.0,3796.0,1.0,179926.0,3.0,68242.0,2.0,30020.0,6.0,53020.0,2.0,0.0,0.0,3065.0,4.0,221010_X7_GG
456,19000.0,1428035.0,38.0,98540.0,4.0,328887.0,14.0,30540.0,4.0,923076.0,7.0,11311.0,1.0,0.0,0.0,2907.0,7.0,221010_JA_GH
457,21637.0,5317559.0,132.0,134333.0,12.0,2861482.0,29.0,468802.0,21.0,1770480.0,53.0,0.0,0.0,0.0,0.0,82462.0,16.0,221010_21_GJ
458,37881.0,2637423.0,232.0,59681.0,15.0,1770772.0,78.0,228105.0,7.0,291282.0,67.0,238700.0,4.0,0.0,0.0,48083.0,59.0,221010_RD_GK
459,20041.0,1699767.0,121.0,88778.0,14.0,1082935.0,67.0,164900.0,23.0,302428.0,6.0,45984.0,3.0,0.0,0.0,13594.0,7.0,221010_YM_GM
460,50191.0,4035024.0,91.0,28241.0,3.0,776350.0,23.0,74856.0,4.0,3109740.0,48.0,29472.0,3.0,0.0,0.0,2676.0,9.0,221010_6Q_GN
461,12742.0,3301841.0,80.0,105983.0,2.0,312562.0,16.0,864436.0,30.0,1791991.0,19.0,223928.0,10.0,0.0,0.0,2941.0,3.0,221010_57_GP
462,60599.0,5351126.0,465.0,222433.0,63.0,4360372.0,98.0,41436.0,5.0,43908.0,112.0,278848.0,7.0,356804.0,2.0,47221.0,176.0,221010_A0_GQ
463,27889.0,1167599.0,105.0,35162.0,4.0,431807.0,36.0,46802.0,13.0,596472.0,32.0,54458.0,9.0,0.0,0.0,2898.0,11.0,221010_9J_GR
464,14908.0,3840764.0,189.0,20371.0,3.0,1204668.0,18.0,33974.0,6.0,2578677.0,143.0,0.0,0.0,0.0,0.0,3074.0,19.0,221010_DK_GS
465,21765.0,1790972.0,73.0,73885.0,3.0,529413.0,23.0,67196.0,11.0,1040429.0,26.0,77188.0,3.0,0.0,0.0,2669.0,5.0,221010_7J_GT
466,23314.0,10803589.0,54.0,7080.0,1.0,728274.0,18.0,64305.0,5.0,438830.0,19.0,0.0,0.0,9543533.0,1.0,21567.0,10.0,221010_GM_GV
467,54184.0,28498472.0,104.0,43563.0,4.0,2099942.0,23.0,1002592.0,10.0,25218599.0,55.0,111340.0,6.0,0.0,0.0,21477.0,5.0,221010_GJ_GW
468,40420.0,1455657.0,396.0,190908.0,71.0,740821.0,28.0,24594.0,3.0,445455.0,182.0,21360.0,1.0,0.0,0.0,32519.0,109.0,221010_A9_GX
469,15445.0,2528077.0,90.0,35244.0,14.0,567067.0,19.0,28212.0,3.0,1883480.0,44.0,0.0,0.0,0.0,0.0,13423.0,7.0,221010_4J_GY
470,64168.0,18696599.0,221.0,48224.0,2.0,640315.0,54.0,186937.0,36.0,17433891.0,106.0,382706.0,11.0,0.0,0.0,4526.0,12.0,221010_PF_GZ
471,5506.0,1283057.0,45.0,13235.0,1.0,32237.0,3.0,21602.0,2.0,1194410.0,37.0,18972.0,1.0,0.0,0.0,2601.0,1.0,221010_C8_H0
472,21700.0,3356698.0,78.0,54708.0,8.0,548696.0,21.0,100543.0,10.0,2561689.0,32.0,77160.0,1.0,0.0,0.0,13902.0,6.0,221010_4D_H1
473,54879.0,2297173.0,202.0,84091.0,12.0,1227476.0,97.0,317807.0,22.0,249471.0,54.0,411464.0,4.0,0.0,0.0,6864.0,13.0,221010_RG_H2
474,13445.0,1127074.0,60.0,14673.0,2.0,617173.0,23.0,59871.0,6.0,250625.0,15.0,179432.0,5.0,0.0,0.0,4543.0,8.0,221010_5J_H3
475,17947.0,1010404.0,106.0,45103.0,2.0,542714.0,18.0,37017.0,1.0,303732.0,64.0,0.0,0.0,0.0,0.0,81838.0,21.0,221010_QB_H4
476,44433.0,6472184.0,208.0,390923.0,38.0,3123327.0,49.0,401001.0,6.0,2210594.0,56.0,116568.0,4.0,0.0,0.0,228621.0,54.0,221010_9S_H5
477,40198.0,4373786.0,278.0,1044282.0,40.0,1030308.0,71.0,200394.0,34.0,1885691.0,88.0,199152.0,14.0,0.0,0.0,13959.0,31.0,221010_TM_H6
478,25189.0,1776341.0,198.0,292259.0,49.0,539232.0,37.0,137271.0,14.0,633735.0,61.0,160352.0,6.0,0.0,0.0,13492.0,31.0,221010_JY_H7
479,14867.0,902255.0,95.0,57698.0,9.0,412767.0,24.0,36833.0,19.0,286506.0,33.0,94348.0,2.0,0.0,0.0,13581.0,7.0,221010_KD_HA
480,33787.0,2907157.0,141.0,51272.0,7.0,1399947.0,54.0,64600.0,13.0,518813.0,25.0,434748.0,3.0,426729.0,1.0,11048.0,37.0,221010_NZ_HB
481,57878.0,4577862.0,257.0,72346.0,6.0,1606327.0,69.0,279721.0,7.0,2477877.0,117.0,89900.0,7.0,0.0,0.0,51587.0,49.0,221010_BB_HD
482,1749.0,39534.0,3.0,38879.0,1.0,655.0,1.0,0.0,0.0,0.0,0.0,0.0,0.0,0.0,0.0,0.0,1.0,221010_A9_HE
483,32940.0,2413879.0,326.0,150195.0,9.0,1662356.0,38.0,49346.0,2.0,343474.0,246.0,180623.0,6.0,0.0,0.0,27885.0,25.0,221010_W4_HF
484,20677.0,5206091.0,137.0,51078.0,6.0,1027302.0,35.0,51900.0,5.0,3908999.0,76.0,163952.0,6.0,0.0,0.0,2675.0,8.0,221010_54_HG
485,16739.0,865273.0,33.0,152340.0,3.0,462511.0,5.0,10791.0,3.0,38814.0,9.0,42550.0,2.0,0.0,0.0,158267.0,11.0,221010_QJ_HH
486,14941.0,1055551.0,84.0,44366.0,12.0,358374.0,23.0,209922.0,17.0,374191.0,26.0,55315.0,2.0,0.0,0.0,13383.0,4.0,221010_MD_HJ
487,15226.0,880651.0,122.0,47897.0,1.0,450024.0,40.0,67954.0,19.0,225227.0,23.0,86372.0,4.0,0.0,0.0,3177.0,35.0,221010_B1_HM
488,17076.0,3432361.0,101.0,29978.0,19.0,226650.0,8.0,120894.0,15.0,2969413.0,54.0,71896.0,1.0,0.0,0.0,13530.0,4.0,221010_BS_HN
489,4800.0,132445.0,11.0,14677.0,2.0,6839.0,2.0,0.0,0.0,108283.0,5.0,0.0,0.0,0.0,0.0,2646.0,2.0,221010_GA_HP
490,27169.0,3343438.0,131.0,64394.0,8.0,2626397.0,24.0,78373.0,4.0,500518.0,58.0,67400.0,1.0,0.0,0.0,4950.0,31.0,221010_XM_HQ
491,5423.0,2919.0,3.0,318.0,2.0,0.0,0.0,0.0,0.0,0.0,0.0,0.0,0.0,0.0,0.0,2601.0,1.0,221010_6K_HR
492,16515.0,2675849.0,103.0,56626.0,2.0,748123.0,9.0,148159.0,4.0,1520415.0,65.0,182204.0,7.0,0.0,0.0,20322.0,14.0,221010_CN_HT
493,7165.0,437446.0,17.0,55822.0,1.0,53782.0,5.0,255460.0,6.0,38925.0,3.0,30856.0,1.0,0.0,0.0,2601.0,1.0,221010_X9_HV
494,6298.0,668136.0,58.0,21401.0,2.0,140351.0,15.0,121991.0,11.0,313484.0,25.0,68272.0,3.0,0.0,0.0,2637.0,2.0,221010_6M_HW
495,11177.0,223664.0,34.0,15459.0,3.0,160781.0,4.0,21117.0,1.0,22311.0,13.0,0.0,0.0,0.0,0.0,3996.0,11.0,221010_AT_HX
496,30198.0,2424097.0,301.0,58255.0,9.0,1244329.0,81.0,139944.0,26.0,677763.0,99.0,283195.0,7.0,0.0,0.0,20611.0,79.0,221010_ZR_HY
497,25525.0,1180250.0,79.0,70753.0,11.0,826015.0,37.0,41771.0,3.0,184560.0,16.0,42796.0,2.0,0.0,0.0,13461.0,9.0,221010_A4_HZ
498,9998.0,1267566.0,19.0,9783.0,1.0,0.0,0.0,6712.0,1.0,1247576.0,15.0,0.0,0.0,0.0,0.0,2601.0,1.0,221010_AK_J0
499,23331.0,3581343.0,101.0,86538.0,5.0,1948991.0,39.0,217209.0,15.0,871469.0,28.0,453044.0,5.0,0.0,0.0,2942.0,8.0,221010_EW_J1
500,30805.0,5342760.0,172.0,63457.0,14.0,1285309.0,61.0,165391.0,28.0,3624295.0,49.0,144300.0,5.0,0.0,0.0,60008.0,15.0,221010_RY_J2
501,12310.0,987766.0,48.0,37458.0,4.0,392386.0,15.0,148712.0,14.0,125853.0,7.0,280704.0,6.0,0.0,0.0,2653.0,2.0,221010_JA_J3
502,31914.0,11919.0,3.0,7142.0,1.0,0.0,0.0,2176.0,1.0,0.0,0.0,0.0,0.0,0.0,0.0,2601.0,1.0,221010_EY_J4
503,4837.0,2601.0,1.0,0.0,0.0,0.0,0.0,0.0,0.0,0.0,0.0,0.0,0.0,0.0,0.0,2601.0,1.0,221010_27_J5
504,45456.0,2087119.0,174.0,31846.0,6.0,651012.0,20.0,130458.0,3.0,816927.0,123.0,451244.0,8.0,0.0,0.0,4482.0,13.0,221010_VY_J6
505,5607.0,464029.0,25.0,26544.0,2.0,115307.0,12.0,111536.0,2.0,139865.0,5.0,68104.0,2.0,0.0,0.0,2673.0,2.0,221010_74_J7
506,2752.0,7532.0,3.0,4928.0,1.0,0.0,0.0,2604.0,1.0,0.0,0.0,0.0,0.0,0.0,0.0,0.0,0.0,221010_TS_J8
507,6879.0,459242.0,14.0,8984.0,1.0,365334.0,3.0,31754.0,1.0,35266.0,5.0,0.0,0.0,0.0,0.0,17904.0,4.0,221010_QT_J9
508,13499.0,3192797.0,58.0,11939.0,2.0,322272.0,17.0,68795.0,4.0,2679112.0,22.0,93245.0,2.0,0.0,1.0,17434.0,10.0,221010_YJ_JA
509,6774.0,1548679.0,40.0,13598.0,1.0,111513.0,14.0,52073.0,7.0,1344238.0,15.0,24620.0,1.0,0.0,0.0,2637.0,2.0,221010_KZ_JB
510,16334.0,5247032.0,51.0,165811.0,6.0,272768.0,10.0,21129.0,5.0,4672937.0,23.0,111708.0,2.0,0.0,0.0,2679.0,5.0,221010_EK_JC
511,70236.0,2964511.0,216.0,30967.0,10.0,2009608.0,69.0,78169.0,4.0,457385.0,70.0,316921.0,7.0,0.0,0.0,71461.0,56.0,221010_9Q_JD
512,21116.0,3950397.0,94.0,54290.0,9.0,3007047.0,38.0,473461.0,17.0,247125.0,12.0,134272.0,5.0,0.0,0.0,34202.0,13.0,221010_WV_JG
513,16503.0,4928333.0,78.0,58112.0,3.0,611682.0,31.0,65011.0,12.0,4054951.0,24.0,135924.0,6.0,0.0,0.0,2653.0,2.0,221010_8P_JH
514,19108.0,4510774.0,107.0,42437.0,2.0,830621.0,19.0,86457.0,6.0,854644.0,57.0,62920.0,3.0,0.0,0.0,2633695.0,20.0,221010_85_JJ
515,13759.0,796547.0,57.0,41437.0,2.0,206150.0,11.0,14862.0,3.0,492510.0,20.0,0.0,0.0,0.0,0.0,41588.0,21.0,221010_HC_JK
516,19342.0,1668412.0,159.0,64940.0,1.0,873490.0,93.0,0.0,0.0,576399.0,49.0,150208.0,3.0,0.0,0.0,3375.0,13.0,221010_HS_JM
517,18338.0,264306.0,12.0,13771.0,5.0,247770.0,3.0,0.0,0.0,0.0,0.0,0.0,0.0,0.0,0.0,2722.0,3.0,221010_S4_JN
518,17380.0,1423700.0,76.0,9242.0,3.0,755100.0,38.0,130994.0,11.0,153420.0,16.0,372204.0,4.0,0.0,0.0,2740.0,3.0,221010_2A_JP
519,17796.0,3886551.0,65.0,126196.0,4.0,656267.0,16.0,851889.0,6.0,1930501.0,30.0,319060.0,5.0,0.0,0.0,2638.0,3.0,221010_2F_JQ
520,16157.0,1297153.0,120.0,73066.0,18.0,464474.0,23.0,89066.0,11.0,579639.0,50.0,77410.0,5.0,0.0,0.0,13498.0,13.0,221010_CW_JR
521,4787.0,438802.0,16.0,75183.0,4.0,6247.0,2.0,47651.0,1.0,282537.0,5.0,24492.0,2.0,0.0,0.0,2692.0,2.0,221010_HS_JS
522,60328.0,4842097.0,261.0,65584.0,18.0,1981682.0,86.0,76474.0,5.0,126053.0,85.0,213404.0,6.0,0.0,0.0,2378900.0,58.0,221010_B2_JT
523,19619.0,1259153.0,66.0,18202.0,3.0,878856.0,10.0,138313.0,2.0,219454.0,45.0,0.0,0.0,0.0,0.0,2645.0,5.0,221010_94_JW
524,4856.0,2601.0,1.0,0.0,0.0,0.0,0.0,0.0,0.0,0.0,0.0,0.0,0.0,0.0,0.0,2601.0,1.0,221010_MA_JY
525,4994.0,310713.0,21.0,22071.0,2.0,2883.0,1.0,53021.0,7.0,152324.0,7.0,77160.0,1.0,0.0,0.0,2637.0,2.0,221010_QV_JZ
526,16671.0,2068622.0,123.0,16559.0,8.0,141014.0,14.0,41296.0,19.0,1802684.0,71.0,48436.0,2.0,0.0,0.0,3547.0,8.0,221010_S5_K0
527,56223.0,674124.0,34.0,13803.0,1.0,378972.0,9.0,27386.0,7.0,89470.0,6.0,132532.0,5.0,0.0,0.0,31961.0,6.0,221010_KY_K1
528,5206.0,5619.0,4.0,2018.0,1.0,0.0,0.0,0.0,0.0,519.0,1.0,0.0,0.0,0.0,0.0,2601.0,1.0,221010_3K_K2
529,20270.0,2696818.0,64.0,70301.0,3.0,389257.0,11.0,77282.0,1.0,1764152.0,30.0,378232.0,9.0,0.0,0.0,17594.0,10.0,221010_0P_K3
530,32683.0,10482370.0,213.0,129722.0,35.0,697735.0,29.0,190316.0,10.0,9188431.0,122.0,242064.0,5.0,0.0,0.0,34102.0,11.0,221010_VC_K4
531,47859.0,3535402.0,240.0,37624.0,21.0,1225371.0,45.0,26060.0,3.0,2099596.0,143.0,35128.0,2.0,0.0,0.0,111623.0,26.0,221010_8Z_K5
532,16112.0,2139763.0,57.0,8905.0,3.0,1129280.0,10.0,71116.0,2.0,749713.0,35.0,176456.0,2.0,0.0,0.0,3143.0,4.0,221010_4H_K6
533,23476.0,8480780.0,69.0,11550.0,3.0,134596.0,4.0,18555.0,2.0,2584013.0,43.0,113940.0,3.0,5607133.0,3.0,9587.0,10.0,221010_7J_K7
534,18504.0,3882061.0,50.0,11603.0,2.0,1694986.0,13.0,116014.0,3.0,818053.0,19.0,44300.0,1.0,0.0,0.0,1195955.0,10.0,221010_KD_K8
535,27357.0,807593.0,355.0,116924.0,90.0,512467.0,18.0,19580.0,3.0,95534.0,110.0,33927.0,2.0,0.0,0.0,29161.0,132.0,221010_4G_K9
536,4830.0,170459.0,10.0,1781.0,1.0,0.0,0.0,1018.0,2.0,59259.0,4.0,105800.0,2.0,0.0,0.0,2601.0,1.0,221010_MG_KA
537,20027.0,1366619.0,89.0,50374.0,5.0,280957.0,24.0,30251.0,1.0,462390.0,30.0,348268.0,1.0,0.0,0.0,194379.0,28.0,221010_83_KB
538,2543.0,2974.0,3.0,1728.0,1.0,0.0,0.0,1246.0,1.0,0.0,1.0,0.0,0.0,0.0,0.0,0.0,0.0,221010_QT_KC
539,40629.0,1519895.0,540.0,149390.0,95.0,968052.0,65.0,15854.0,7.0,21124.0,175.0,247960.0,6.0,0.0,0.0,117515.0,191.0,221010_1S_KD
540,12879.0,1574679.0,44.0,10921.0,5.0,41558.0,4.0,9046.0,1.0,1450034.0,25.0,53020.0,3.0,0.0,0.0,4670.0,5.0,221010_C5_KE
541,22486.0,4446923.0,269.0,52048.0,6.0,759316.0,22.0,106130.0,11.0,2855782.0,213.0,669548.0,3.0,0.0,0.0,3452.0,12.0,221010_EM_KF
542,110508.0,56103037.0,291.0,38403.0,4.0,318676.0,14.0,35435.0,10.0,55462169.0,243.0,243380.0,11.0,0.0,0.0,3568.0,8.0,221010_1R_KG
543,28673.0,1387290.0,418.0,106705.0,68.0,1027181.0,46.0,9550.0,3.0,125528.0,194.0,17188.0,1.0,0.0,0.0,101138.0,106.0,221010_SF_KH
544,45159.0,10765943.0,222.0,88639.0,8.0,3330266.0,45.0,2132118.0,24.0,4949563.0,129.0,231672.0,4.0,0.0,0.0,33503.0,10.0,221010_JJ_KJ
545,15112.0,1849667.0,57.0,10394.0,3.0,204266.0,17.0,54157.0,17.0,1562551.0,17.0,15020.0,1.0,0.0,0.0,2601.0,1.0,221010_V4_KK
546,3771.0,2601.0,1.0,0.0,0.0,0.0,0.0,0.0,0.0,0.0,0.0,0.0,0.0,0.0,0.0,2601.0,1.0,221010_H0_KM
547,21155.0,2601.0,1.0,0.0,0.0,0.0,0.0,0.0,0.0,0.0,0.0,0.0,0.0,0.0,0.0,2601.0,1.0,221010_WE_KN
548,44406.0,15173853.0,82.0,32244.0,5.0,225364.0,14.0,52642.0,4.0,14714393.0,38.0,48552.0,5.0,0.0,0.0,85237.0,14.0,221010_WX_KP
549,15952.0,3994048.0,71.0,42701.0,3.0,439547.0,18.0,186260.0,7.0,3112475.0,28.0,210352.0,10.0,0.0,0.0,2713.0,5.0,221010_FZ_KQ
550,4852.0,2601.0,1.0,0.0,0.0,0.0,0.0,0.0,0.0,0.0,0.0,0.0,0.0,0.0,0.0,2601.0,1.0,221010_QB_KR
551,20041.0,4969153.0,147.0,3085.0,4.0,2304908.0,37.0,793996.0,25.0,316158.0,33.0,425188.0,7.0,0.0,0.0,1125818.0,41.0,221010_AA_KS
552,18425.0,2944708.0,63.0,4221.0,3.0,1103216.0,15.0,173142.0,3.0,1384191.0,19.0,135420.0,3.0,0.0,0.0,144518.0,20.0,221010_TY_KT
553,4711.0,881.0,4.0,881.0,1.0,0.0,0.0,0.0,0.0,0.0,0.0,0.0,0.0,0.0,0.0,0.0,1.0,221010_DW_KV
554,18227.0,987598.0,103.0,114306.0,21.0,646787.0,38.0,15941.0,8.0,20564.0,13.0,170384.0,8.0,0.0,0.0,15330.0,14.0,221010_AG_KW
555,19190.0,6062467.0,140.0,75070.0,2.0,172480.0,10.0,75154.0,8.0,4952947.0,111.0,745612.0,6.0,0.0,0.0,2650.0,2.0,221010_23_KX
556,35424.0,5245563.0,420.0,161440.0,88.0,3603273.0,44.0,388848.0,9.0,550264.0,140.0,165884.0,6.0,264024.0,1.0,108574.0,127.0,221010_J6_KY
557,24186.0,1532329.0,111.0,34433.0,3.0,1226398.0,38.0,81542.0,3.0,149593.0,33.0,33376.0,1.0,0.0,0.0,6987.0,33.0,221010_9E_KZ
558,47819.0,6670586.0,198.0,787841.0,51.0,1078711.0,51.0,323631.0,13.0,4342039.0,54.0,123120.0,5.0,0.0,0.0,15244.0,24.0,221010_QQ_M0
559,10676.0,1444201.0,31.0,31401.0,5.0,212191.0,10.0,48943.0,5.0,1066474.0,7.0,77160.0,1.0,0.0,0.0,2602.0,2.0,221010_YD_M1
560,15096.0,1706228.0,73.0,43951.0,2.0,597380.0,16.0,105285.0,6.0,218391.0,36.0,738320.0,5.0,0.0,0.0,2901.0,8.0,221010_VA_M2
561,19368.0,1749355.0,64.0,15527.0,11.0,983957.0,19.0,287089.0,11.0,264321.0,14.0,194994.0,4.0,0.0,0.0,3467.0,5.0,221010_YR_M4
562,8338.0,824546.0,20.0,26527.0,1.0,677119.0,12.0,0.0,0.0,0.0,0.0,108032.0,2.0,0.0,0.0,5284.0,4.0,221010_BR_M5
563,23962.0,1420474.0,92.0,199318.0,21.0,642130.0,29.0,207310.0,8.0,139958.0,16.0,218364.0,6.0,0.0,0.0,13394.0,12.0,221010_VR_M6
564,16409.0,3715197.0,150.0,26870.0,9.0,1400633.0,59.0,235895.0,26.0,2040141.0,42.0,0.0,0.0,0.0,0.0,11658.0,14.0,221010_GV_M7
565,29040.0,1659667.0,87.0,45679.0,4.0,415810.0,20.0,451116.0,9.0,608897.0,36.0,134800.0,5.0,0.0,0.0,2608.0,12.0,221010_CV_M8
566,10396.0,799051.0,54.0,55226.0,2.0,416812.0,19.0,147356.0,9.0,22157.0,12.0,135036.0,5.0,0.0,0.0,22464.0,7.0,221010_1N_M9
567,23042.0,1272343.0,171.0,77496.0,29.0,1075493.0,31.0,4860.0,2.0,87464.0,56.0,11444.0,1.0,0.0,0.0,15482.0,48.0,221010_A9_MA
568,18981.0,4253299.0,131.0,63460.0,12.0,959839.0,43.0,98205.0,7.0,2909434.0,48.0,208136.0,7.0,0.0,0.0,14225.0,14.0,221010_44_MB
569,8999.0,248737.0,25.0,8513.0,4.0,75371.0,5.0,4063.0,1.0,157666.0,11.0,0.0,0.0,0.0,0.0,2646.0,3.0,221010_KW_MC
570,4838.0,2601.0,2.0,0.0,0.0,0.0,0.0,0.0,0.0,0.0,0.0,0.0,0.0,0.0,0.0,2601.0,2.0,221010_BQ_MD
571,28932.0,3585948.0,185.0,35501.0,8.0,1761794.0,50.0,46375.0,2.0,1609786.0,80.0,126812.0,4.0,0.0,0.0,5181.0,40.0,221010_F9_ME
572,15214.0,2600700.0,58.0,80053.0,5.0,1076031.0,17.0,236478.0,6.0,1075449.0,20.0,129920.0,3.0,0.0,0.0,2769.0,7.0,221010_TR_MF
573,20974.0,660435.0,42.0,11677.0,2.0,283821.0,16.0,66341.0,1.0,107799.0,15.0,188180.0,5.0,0.0,0.0,2617.0,3.0,221010_N8_MG
574,3836.0,2601.0,1.0,0.0,0.0,0.0,0.0,0.0,0.0,0.0,0.0,0.0,0.0,0.0,0.0,2601.0,1.0,221010_MN_MH
575,96659.0,49216819.0,191.0,196126.0,10.0,2741040.0,24.0,418328.0,10.0,45655742.0,119.0,139264.0,5.0,0.0,0.0,65169.0,22.0,221010_SB_MJ
576,17593.0,1447199.0,59.0,35634.0,7.0,1014958.0,21.0,71492.0,8.0,204504.0,12.0,29136.0,2.0,0.0,0.0,86427.0,8.0,221010_FF_MK
577,21386.0,944222.0,38.0,8698.0,5.0,504640.0,6.0,35807.0,3.0,48187.0,9.0,337356.0,6.0,0.0,0.0,9534.0,9.0,221010_JY_MM
578,9007.0,1053761.0,70.0,19283.0,2.0,219945.0,14.0,122551.0,9.0,626121.0,40.0,63188.0,2.0,0.0,0.0,2673.0,3.0,221010_H6_MN
579,17525.0,2417800.0,119.0,52133.0,3.0,830965.0,31.0,93194.0,9.0,1076915.0,51.0,222732.0,8.0,0.0,0.0,141861.0,17.0,221010_AN_MP
580,20004.0,736974.0,22.0,19015.0,2.0,307646.0,7.0,222809.0,2.0,1924.0,3.0,179205.0,3.0,0.0,0.0,2613.0,4.0,221010_CM_MR
581,120147.0,504655.0,72.0,11295.0,49.0,57058.0,4.0,39367.0,3.0,218783.0,9.0,174448.0,3.0,0.0,0.0,3704.0,3.0,221010_92_MS
582,21291.0,3468062.0,75.0,64374.0,4.0,617627.0,26.0,89893.0,9.0,2341883.0,20.0,331490.0,7.0,0.0,0.0,22628.0,8.0,221010_HR_MT
583,20598.0,1957495.0,100.0,216093.0,7.0,833480.0,22.0,103470.0,9.0,630479.0,56.0,171148.0,3.0,0.0,0.0,2825.0,3.0,221010_ZT_MV
584,16609.0,6928788.0,94.0,18780.0,1.0,1501169.0,29.0,382596.0,8.0,4976738.0,45.0,44068.0,1.0,0.0,0.0,4568.0,9.0,221010_J1_MW
585,16609.0,2309625.0,101.0,45615.0,2.0,627189.0,70.0,196361.0,7.0,1321107.0,15.0,98548.0,2.0,0.0,0.0,20805.0,5.0,221010_19_MY
586,24981.0,2006032.0,139.0,43890.0,5.0,1329740.0,54.0,102338.0,10.0,389475.0,40.0,134532.0,3.0,0.0,0.0,6057.0,26.0,221010_RQ_MZ
587,22563.0,4291626.0,165.0,117563.0,11.0,678366.0,31.0,232594.0,4.0,2652663.0,100.0,541676.0,9.0,0.0,0.0,67614.0,9.0,221010_SD_N0
588,4840.0,2601.0,1.0,0.0,0.0,0.0,0.0,0.0,0.0,0.0,0.0,0.0,0.0,0.0,0.0,2601.0,1.0,221010_6W_N1
589,44608.0,8793573.0,315.0,85591.0,33.0,1570590.0,50.0,75323.0,10.0,6621671.0,54.0,351460.0,8.0,0.0,0.0,88938.0,159.0,221010_AD_N2
590,14047.0,1002967.0,41.0,6798.0,1.0,166794.0,5.0,307033.0,4.0,338212.0,18.0,181524.0,2.0,0.0,0.0,2606.0,11.0,221010_3J_N3
591,36891.0,6647930.0,182.0,66622.0,6.0,2382096.0,47.0,499065.0,33.0,2891836.0,75.0,787076.0,11.0,0.0,0.0,21235.0,10.0,221010_BH_N4
592,5094.0,40134.0,10.0,3501.0,1.0,570.0,1.0,3147.0,2.0,29786.0,3.0,0.0,0.0,0.0,0.0,2637.0,2.0,221010_7V_N5
593,21209.0,1400967.0,67.0,50836.0,3.0,405537.0,13.0,24464.0,6.0,836119.0,32.0,80216.0,4.0,0.0,0.0,2645.0,8.0,221010_MM_N7
594,12524.0,2826981.0,54.0,10961.0,1.0,371157.0,16.0,59887.0,10.0,2155533.0,17.0,225616.0,5.0,0.0,0.0,2695.0,4.0,221010_VF_N9
595,21312.0,2317959.0,49.0,16633.0,2.0,520264.0,10.0,150099.0,18.0,1548212.0,10.0,79964.0,4.0,0.0,0.0,2787.0,5.0,221010_6G_NA
596,3613.0,193968.0,11.0,3134.0,1.0,105408.0,3.0,57845.0,2.0,1151.0,1.0,23077.0,1.0,0.0,0.0,3160.0,2.0,221010_58_NC
597,9912.0,1680480.0,67.0,22064.0,2.0,251867.0,30.0,0.0,0.0,3946.0,8.0,37780.0,1.0,1346833.0,3.0,3080.0,20.0,221010_16_ND
598,18434.0,1112245.0,74.0,31265.0,2.0,822633.0,16.0,28958.0,5.0,128451.0,35.0,91440.0,3.0,0.0,0.0,9498.0,11.0,221010_5T_NE
599,24617.0,6953637.0,189.0,155997.0,15.0,1355676.0,59.0,90895.0,17.0,5184003.0,74.0,151676.0,4.0,0.0,0.0,15390.0,20.0,221010_DY_NF
600,23240.0,3446497.0,150.0,33633.0,2.0,604623.0,24.0,49381.0,2.0,2626346.0,103.0,125932.0,5.0,0.0,0.0,6159.0,12.0,221010_BP_NH
601,7082.0,969345.0,55.0,26895.0,1.0,349801.0,22.0,16212.0,2.0,424186.0,14.0,85032.0,4.0,0.0,0.0,67219.0,12.0,221010_KA_NJ
602,34841.0,5467085.0,310.0,78516.0,7.0,944573.0,38.0,111333.0,6.0,4074416.0,228.0,250833.0,14.0,0.0,0.0,7349.0,15.0,221010_QG_NK
603,12040.0,1920000.0,40.0,46714.0,4.0,346898.0,11.0,227985.0,3.0,1213997.0,16.0,80300.0,1.0,0.0,0.0,4106.0,5.0,221010_C4_NM
604,13871.0,1316538.0,80.0,8932.0,6.0,307742.0,22.0,25972.0,4.0,601080.0,34.0,353104.0,3.0,0.0,0.0,15797.0,10.0,221010_XK_NN
605,32277.0,5344619.0,187.0,42911.0,5.0,1663550.0,42.0,266637.0,9.0,2793674.0,104.0,562004.0,6.0,0.0,0.0,8724.0,19.0,221010_7D_NP
606,40886.0,15560407.0,149.0,135537.0,9.0,3507520.0,29.0,425587.0,3.0,11399314.0,77.0,28200.0,1.0,0.0,0.0,64249.0,29.0,221010_WE_NR
607,43238.0,1293704.0,370.0,108658.0,83.0,890012.0,45.0,17141.0,3.0,31917.0,101.0,201216.0,8.0,0.0,0.0,43719.0,126.0,221010_HQ_NS
608,5294.0,2601.0,1.0,0.0,0.0,0.0,0.0,0.0,0.0,0.0,0.0,0.0,0.0,0.0,0.0,2601.0,1.0,221010_3S_NT
609,19202.0,3613008.0,115.0,19677.0,2.0,981557.0,18.0,87083.0,4.0,2344047.0,80.0,177656.0,4.0,0.0,0.0,2988.0,5.0,221010_CR_NV
610,56855.0,6056265.0,351.0,228806.0,55.0,3387191.0,113.0,51131.0,13.0,2093964.0,87.0,218980.0,5.0,0.0,0.0,75560.0,77.0,221010_FB_NW
611,16733.0,1821790.0,110.0,61136.0,6.0,636665.0,21.0,68161.0,6.0,697055.0,64.0,350585.0,5.0,0.0,0.0,2758.0,7.0,221010_WH_NX
612,16001.0,2982201.0,50.0,115773.0,4.0,1388917.0,18.0,107639.0,3.0,1056740.0,8.0,156096.0,1.0,0.0,0.0,155748.0,15.0,221010_X9_NY
613,12462.0,381862.0,45.0,11792.0,2.0,129547.0,6.0,16009.0,1.0,221553.0,30.0,0.0,0.0,0.0,0.0,2623.0,5.0,221010_N6_NZ
614,9593.0,698754.0,40.0,23522.0,3.0,227985.0,13.0,200230.0,13.0,152352.0,7.0,92028.0,2.0,0.0,0.0,2637.0,2.0,221010_T0_P0
615,14193.0,169472.0,32.0,50851.0,5.0,112235.0,2.0,0.0,0.0,3023.0,11.0,0.0,0.0,0.0,0.0,3363.0,14.0,221010_CM_P1
616,11420.0,180152.0,20.0,8098.0,7.0,115804.0,5.0,2256.0,3.0,51393.0,3.0,0.0,0.0,0.0,0.0,2601.0,1.0,221010_6S_P2
617,25061.0,8448403.0,196.0,138154.0,25.0,578471.0,33.0,65991.0,16.0,7263375.0,97.0,301060.0,10.0,0.0,0.0,101352.0,15.0,221010_ZX_P5
618,23426.0,6399247.0,183.0,240554.0,6.0,1711877.0,61.0,751287.0,24.0,3486362.0,69.0,187288.0,5.0,0.0,0.0,21879.0,16.0,221010_X4_P6
619,41969.0,4727602.0,285.0,261667.0,35.0,1982952.0,57.0,37007.0,5.0,2197294.0,89.0,181680.0,9.0,0.0,0.0,67002.0,88.0,221010_MB_P7
620,32471.0,4889529.0,202.0,40345.0,4.0,1289610.0,67.0,78360.0,7.0,1531900.0,89.0,295365.0,10.0,0.0,0.0,1652799.0,23.0,221010_2H_P8
621,37170.0,3855630.0,201.0,68855.0,8.0,1402608.0,55.0,198673.0,48.0,1970213.0,63.0,186134.0,10.0,0.0,0.0,27997.0,16.0,221010_PC_P9
622,112791.0,5563476.0,1695.0,269245.0,262.0,3319186.0,154.0,305160.0,27.0,1152875.0,508.0,359708.0,8.0,0.0,0.0,145848.0,715.0,221010_GX_PA
623,15432.0,1197173.0,61.0,37074.0,2.0,772469.0,30.0,23720.0,4.0,326095.0,10.0,24280.0,1.0,0.0,0.0,10609.0,11.0,221010_A6_PC
624,35209.0,3450977.0,134.0,3294.0,2.0,1037480.0,37.0,14516.0,3.0,2366023.0,80.0,0.0,0.0,0.0,0.0,12706.0,11.0,221010_7T_PD
625,13892.0,316563.0,23.0,4546.0,3.0,46142.0,3.0,1891.0,1.0,261383.0,15.0,0.0,0.0,0.0,0.0,2601.0,1.0,221010_8E_PE
626,4839.0,2601.0,1.0,0.0,0.0,0.0,0.0,0.0,0.0,0.0,0.0,0.0,0.0,0.0,0.0,2601.0,1.0,221010_XZ_PF
627,66870.0,31429181.0,252.0,41063.0,2.0,970025.0,44.0,203601.0,51.0,30131693.0,144.0,77160.0,1.0,0.0,0.0,4233.0,9.0,221010_H8_PH
628,45486.0,19989184.0,258.0,30214.0,6.0,544739.0,26.0,53499.0,11.0,19114673.0,199.0,243232.0,7.0,0.0,0.0,2827.0,9.0,221010_FW_PJ
629,12667.0,1279020.0,53.0,74782.0,6.0,626144.0,16.0,202312.0,8.0,229944.0,12.0,124961.0,6.0,0.0,0.0,20877.0,5.0,221010_BK_PK
630,6662.0,623056.0,51.0,17889.0,2.0,94302.0,27.0,41464.0,3.0,437804.0,14.0,28960.0,3.0,0.0,0.0,2637.0,2.0,221010_4A_PM
631,13716.0,179980.0,20.0,8067.0,7.0,115663.0,5.0,2256.0,3.0,51393.0,3.0,0.0,0.0,0.0,0.0,2601.0,1.0,221010_Y8_PN
632,14196.0,1486342.0,89.0,98036.0,15.0,977388.0,35.0,47811.0,10.0,82196.0,15.0,181036.0,3.0,0.0,0.0,13517.0,10.0,221010_MG_PP
633,45758.0,3289022.0,115.0,107077.0,11.0,802415.0,43.0,242039.0,3.0,211517.0,30.0,523510.0,4.0,1357360.0,8.0,29698.0,14.0,221010_0R_PQ
634,20374.0,963572.0,56.0,56941.0,2.0,233836.0,13.0,143009.0,8.0,373491.0,26.0,153684.0,4.0,0.0,0.0,2611.0,3.0,221010_4V_PR
635,26237.0,3794849.0,190.0,70798.0,11.0,2144047.0,53.0,112005.0,4.0,873161.0,74.0,587400.0,5.0,0.0,0.0,7438.0,43.0,221010_Y2_PS
636,5028.0,2601.0,1.0,0.0,0.0,0.0,0.0,0.0,0.0,0.0,0.0,0.0,0.0,0.0,0.0,2601.0,1.0,221010_ED_PV
637,16654.0,3448428.0,77.0,47644.0,3.0,389227.0,24.0,41735.0,3.0,64719.0,24.0,118744.0,7.0,2778041.0,1.0,8318.0,13.0,221010_BM_PW
638,38429.0,4904515.0,101.0,129236.0,7.0,1392389.0,20.0,105076.0,7.0,2627835.0,29.0,0.0,0.0,565339.0,4.0,69450.0,32.0,221010_FE_PY
639,22587.0,6775960.0,193.0,96608.0,14.0,794256.0,27.0,37436.0,3.0,5655530.0,135.0,151868.0,6.0,0.0,0.0,40262.0,8.0,221010_J2_PZ
640,29138.0,6689524.0,121.0,383049.0,3.0,1547606.0,32.0,578197.0,14.0,4032519.0,52.0,55976.0,2.0,0.0,0.0,92177.0,17.0,221010_BE_Q1
641,6047.0,110252.0,11.0,24320.0,2.0,61888.0,3.0,0.0,0.0,20618.0,3.0,0.0,0.0,0.0,0.0,2602.0,2.0,221010_GM_Q2
642,4720.0,203841.0,18.0,50542.0,3.0,2883.0,1.0,50225.0,2.0,55511.0,7.0,21064.0,2.0,0.0,0.0,2637.0,2.0,221010_AH_Q3
643,9302.0,184905.0,26.0,76743.0,8.0,72156.0,5.0,3089.0,2.0,29786.0,3.0,0.0,0.0,0.0,0.0,2638.0,6.0,221010_V8_Q4
644,21205.0,7769058.0,79.0,46798.0,4.0,495873.0,21.0,14785.0,2.0,758908.0,35.0,33664.0,1.0,6414928.0,3.0,3145.0,12.0,221010_PZ_Q5
645,7736.0,225243.0,22.0,7822.0,4.0,51896.0,3.0,4063.0,1.0,157666.0,11.0,0.0,0.0,0.0,0.0,2646.0,2.0,221010_RF_Q6
646,15092.0,893813.0,78.0,10383.0,5.0,448777.0,25.0,59493.0,6.0,241695.0,15.0,128400.0,5.0,0.0,0.0,3547.0,21.0,221010_89_Q8
647,29929.0,4031840.0,137.0,256426.0,5.0,1320532.0,22.0,0.0,0.0,187490.0,42.0,183928.0,4.0,1935717.0,11.0,147747.0,34.0,221010_6S_Q9
648,4892.0,2601.0,1.0,0.0,0.0,0.0,0.0,0.0,0.0,0.0,0.0,0.0,0.0,0.0,0.0,2601.0,1.0,221010_RF_QA
649,21129.0,1142889.0,117.0,35027.0,8.0,709596.0,31.0,90222.0,7.0,158665.0,45.0,127708.0,5.0,0.0,0.0,21671.0,21.0,221010_QS_QC
650,26030.0,1730274.0,125.0,30119.0,10.0,891178.0,35.0,175999.0,8.0,302662.0,27.0,308540.0,7.0,0.0,0.0,21776.0,38.0,221010_MP_QE
651,16359.0,2937233.0,87.0,291471.0,5.0,914393.0,47.0,184347.0,7.0,447290.0,16.0,37780.0,1.0,1058323.0,1.0,3308.0,8.0,221010_S0_QF
652,11021.0,1337820.0,55.0,13225.0,5.0,774758.0,10.0,18372.0,5.0,402198.0,27.0,0.0,0.0,0.0,0.0,120299.0,7.0,221010_75_QG
653,10710.0,751049.0,57.0,40507.0,1.0,508345.0,11.0,798.0,1.0,110514.0,30.0,61296.0,2.0,0.0,0.0,14503.0,10.0,221010_JX_QH
654,12183.0,899732.0,28.0,13910.0,3.0,690013.0,9.0,169945.0,4.0,2387.0,4.0,20656.0,2.0,0.0,0.0,2821.0,6.0,221010_35_QK
655,27017.0,3970009.0,204.0,42731.0,2.0,592616.0,32.0,182088.0,46.0,3066474.0,117.0,77160.0,1.0,0.0,0.0,3510.0,5.0,221010_N6_QM
656,21216.0,1468743.0,104.0,83595.0,9.0,868723.0,23.0,47588.0,6.0,421690.0,48.0,10272.0,1.0,0.0,0.0,21789.0,14.0,221010_VT_QN
657,27062.0,6953609.0,133.0,112737.0,4.0,786721.0,14.0,115236.0,5.0,5856517.0,101.0,79444.0,1.0,0.0,0.0,2954.0,8.0,221010_08_QP
658,16626.0,4884568.0,56.0,36992.0,2.0,578237.0,15.0,168804.0,5.0,3947854.0,26.0,146164.0,3.0,0.0,0.0,6517.0,5.0,221010_M9_QQ
659,4763.0,2601.0,1.0,0.0,0.0,0.0,0.0,0.0,0.0,0.0,0.0,0.0,0.0,0.0,0.0,2601.0,1.0,221010_KE_QR
660,9041.0,691786.0,39.0,19008.0,2.0,293674.0,13.0,25086.0,2.0,191651.0,6.0,159692.0,5.0,0.0,0.0,2675.0,11.0,221010_TQ_QT
661,5621.0,1109490.0,46.0,20631.0,2.0,2883.0,1.0,46977.0,2.0,925562.0,32.0,110800.0,7.0,0.0,0.0,2637.0,2.0,221010_ZJ_QV
662,10554.0,1489748.0,54.0,10486.0,2.0,314747.0,17.0,62239.0,9.0,951878.0,17.0,147769.0,5.0,0.0,0.0,2629.0,4.0,221010_96_QW
663,29874.0,2359226.0,186.0,83559.0,13.0,1408942.0,61.0,67217.0,3.0,567977.0,47.0,215884.0,6.0,0.0,0.0,15647.0,55.0,221010_7D_QX
664,7299.0,336194.0,16.0,8179.0,1.0,219804.0,3.0,46154.0,2.0,23571.0,6.0,35848.0,1.0,0.0,0.0,2638.0,3.0,221010_X9_QY
665,49927.0,4402565.0,341.0,274241.0,41.0,3403578.0,106.0,0.0,0.0,279648.0,71.0,284543.0,9.0,0.0,0.0,155864.0,113.0,221010_YP_QZ
666,7158.0,481215.0,41.0,18000.0,2.0,136723.0,16.0,72082.0,2.0,131881.0,15.0,119864.0,4.0,0.0,0.0,2665.0,2.0,221010_N6_R0
667,24195.0,5299562.0,179.0,26734.0,5.0,1414962.0,29.0,309673.0,5.0,3031796.0,120.0,64752.0,4.0,0.0,0.0,451645.0,16.0,221010_AD_R2
668,15123.0,2098756.0,80.0,98411.0,6.0,656429.0,14.0,129535.0,8.0,1118986.0,42.0,92748.0,4.0,0.0,0.0,2647.0,6.0,221010_F6_R3
669,12854.0,2697418.0,78.0,30139.0,5.0,815040.0,27.0,16674.0,3.0,1667054.0,30.0,164980.0,5.0,0.0,0.0,2772.0,7.0,221010_QP_R5
670,14438.0,3747111.0,123.0,220058.0,1.0,822872.0,32.0,232967.0,6.0,2350980.0,65.0,116780.0,10.0,0.0,0.0,3454.0,9.0,221010_PM_R6
671,7967.0,875826.0,25.0,15650.0,2.0,323082.0,5.0,101797.0,1.0,280947.0,5.0,151712.0,9.0,0.0,0.0,2638.0,3.0,221010_0Z_R7
672,5828.0,14787.0,5.0,4974.0,2.0,0.0,0.0,2604.0,1.0,0.0,0.0,0.0,0.0,0.0,0.0,2601.0,1.0,221010_8A_R8
673,6136.0,335821.0,36.0,19376.0,2.0,3538.0,2.0,57864.0,2.0,132617.0,24.0,119761.0,4.0,0.0,0.0,2665.0,2.0,221010_K5_R9
674,8963.0,572503.0,43.0,134802.0,4.0,230201.0,20.0,33797.0,3.0,16540.0,3.0,154562.0,12.0,0.0,0.0,2601.0,1.0,221010_F8_RA
675,18975.0,2780973.0,70.0,15493.0,2.0,297320.0,11.0,84418.0,5.0,2131341.0,34.0,248588.0,11.0,0.0,0.0,2663.0,6.0,221010_JP_RB
676,19422.0,2379362.0,117.0,42837.0,11.0,424486.0,36.0,116669.0,33.0,1642289.0,27.0,139397.0,3.0,0.0,0.0,13684.0,7.0,221010_EG_RD
677,12868.0,821027.0,89.0,163101.0,4.0,286497.0,9.0,0.0,0.0,303235.0,66.0,65452.0,1.0,0.0,0.0,2742.0,9.0,221010_HW_RE
678,27423.0,5609103.0,144.0,42318.0,8.0,3071420.0,38.0,395707.0,15.0,1726548.0,59.0,337498.0,4.0,0.0,0.0,35612.0,20.0,221010_WV_RF
679,9724.0,1156049.0,47.0,34356.0,2.0,451946.0,16.0,125692.0,5.0,379274.0,15.0,143288.0,4.0,0.0,0.0,21493.0,5.0,221010_30_RJ
680,9136.0,1108942.0,68.0,14041.0,3.0,260681.0,6.0,75615.0,2.0,539404.0,49.0,107828.0,3.0,0.0,0.0,111373.0,5.0,221010_XQ_RK
681,4987.0,2601.0,1.0,0.0,0.0,0.0,0.0,0.0,0.0,0.0,0.0,0.0,0.0,0.0,0.0,2601.0,1.0,221010_DX_RM
682,10254.0,3030552.0,43.0,8897.0,1.0,220449.0,3.0,22833.0,1.0,2346369.0,31.0,424976.0,4.0,0.0,0.0,2742.0,2.0,221010_7Y_RN
683,10985.0,1149632.0,65.0,23585.0,7.0,563055.0,23.0,12313.0,3.0,350175.0,14.0,171661.0,2.0,0.0,0.0,28843.0,16.0,221010_WT_RP
684,10614.0,1550227.0,42.0,113943.0,1.0,477685.0,14.0,0.0,0.0,301887.0,14.0,314360.0,5.0,293683.0,1.0,48669.0,7.0,221010_E9_RS
685,28734.0,2690631.0,180.0,112434.0,23.0,2042303.0,63.0,75207.0,9.0,413814.0,36.0,41856.0,3.0,0.0,0.0,4810.0,45.0,221010_3R_RT
686,17836.0,1422553.0,101.0,48599.0,2.0,1084624.0,26.0,0.0,0.0,263185.0,44.0,22068.0,2.0,0.0,0.0,3327.0,26.0,221010_NC_RV
687,21425.0,1566571.0,146.0,115803.0,20.0,1196622.0,51.0,18419.0,7.0,122792.0,33.0,56508.0,3.0,0.0,0.0,56427.0,21.0,221010_ET_RW
688,4872.0,2601.0,1.0,0.0,0.0,0.0,0.0,0.0,0.0,0.0,0.0,0.0,0.0,0.0,0.0,2601.0,1.0,221010_JF_RX
689,45929.0,1137054.0,437.0,133906.0,86.0,876245.0,30.0,6288.0,2.0,69606.0,115.0,17188.0,1.0,0.0,0.0,32671.0,176.0,221010_RA_RY
690,5276.0,2601.0,1.0,0.0,0.0,0.0,0.0,0.0,0.0,0.0,0.0,0.0,0.0,0.0,0.0,2601.0,1.0,221010_WZ_RZ
691,32708.0,1709528.0,90.0,55874.0,13.0,959952.0,41.0,241490.0,3.0,162593.0,16.0,273499.0,2.0,0.0,0.0,16120.0,15.0,221010_81_S0
692,11573.0,3168358.0,78.0,19181.0,4.0,928441.0,5.0,108400.0,2.0,1704457.0,57.0,404552.0,5.0,0.0,0.0,3327.0,5.0,221010_GT_S1
693,40803.0,16260751.0,274.0,355864.0,16.0,4959101.0,51.0,659497.0,8.0,9970633.0,158.0,237428.0,6.0,0.0,0.0,78228.0,35.0,221010_8X_S2
694,12806.0,919591.0,60.0,24697.0,2.0,770313.0,25.0,12429.0,5.0,96063.0,18.0,0.0,0.0,0.0,0.0,16089.0,10.0,221010_9R_S4
695,7646.0,654411.0,37.0,104388.0,1.0,88496.0,6.0,34278.0,9.0,124047.0,8.0,300392.0,10.0,0.0,0.0,2810.0,3.0,221010_W2_S5
696,18355.0,5334259.0,65.0,42607.0,5.0,2538513.0,10.0,396395.0,2.0,276104.0,14.0,115179.0,3.0,0.0,0.0,1965461.0,31.0,221010_NY_S6
697,1012.0,11522.0,3.0,8277.0,1.0,0.0,0.0,2604.0,1.0,0.0,0.0,0.0,0.0,0.0,0.0,0.0,0.0,221010_T5_S7
698,11872.0,427465.0,29.0,67933.0,4.0,91906.0,14.0,91557.0,2.0,21668.0,4.0,151764.0,3.0,0.0,0.0,2637.0,2.0,221010_RG_S8
699,47891.0,8800136.0,84.0,111418.0,6.0,6836651.0,17.0,148343.0,3.0,831323.0,31.0,50674.0,3.0,735544.0,7.0,86183.0,16.0,221010_TS_S9
700,25216.0,6742281.0,134.0,97557.0,5.0,1084058.0,51.0,128237.0,13.0,5329424.0,50.0,98692.0,6.0,0.0,0.0,4313.0,9.0,221010_F0_SA
701,14436.0,1834163.0,74.0,17274.0,3.0,263996.0,16.0,104252.0,14.0,1207237.0,25.0,237144.0,9.0,0.0,0.0,2647.0,6.0,221010_YV_SC
702,6133.0,260393.0,25.0,7788.0,2.0,70590.0,8.0,10958.0,5.0,168454.0,7.0,0.0,0.0,0.0,0.0,2603.0,2.0,221010_6S_SD
703,28035.0,2834370.0,141.0,72955.0,15.0,833225.0,40.0,88580.0,15.0,1363852.0,56.0,471765.0,7.0,0.0,0.0,2843.0,7.0,221010_QX_SG
704,76172.0,7291557.0,1090.0,531052.0,183.0,2029398.0,58.0,80507.0,7.0,4270991.0,373.0,293607.0,5.0,0.0,0.0,86002.0,464.0,221010_9W_SJ
705,11258.0,252254.0,15.0,52131.0,5.0,157589.0,3.0,19970.0,1.0,19903.0,4.0,0.0,0.0,0.0,0.0,2661.0,2.0,221010_V2_SK
706,55404.0,6968752.0,417.0,193853.0,46.0,2283725.0,80.0,134381.0,6.0,4074295.0,155.0,225252.0,6.0,0.0,0.0,53462.0,122.0,221010_1B_SM
707,42631.0,16347717.0,162.0,156853.0,3.0,1177047.0,49.0,141595.0,19.0,14779477.0,68.0,70044.0,9.0,0.0,0.0,22701.0,14.0,221010_JV_SN
708,120169.0,488491.0,68.0,7241.0,48.0,57058.0,4.0,39343.0,3.0,222386.0,7.0,158760.0,2.0,0.0,0.0,3703.0,3.0,221010_8B_SP
709,27584.0,2250323.0,209.0,46514.0,8.0,1092112.0,50.0,9433.0,6.0,911899.0,88.0,165416.0,11.0,0.0,0.0,24949.0,43.0,221010_Q7_SQ
710,27862.0,1071656.0,151.0,78812.0,31.0,624478.0,43.0,24320.0,3.0,282887.0,55.0,42912.0,2.0,0.0,0.0,14473.0,14.0,221010_YE_SR
711,4652.0,2601.0,1.0,0.0,0.0,0.0,0.0,0.0,0.0,0.0,0.0,0.0,0.0,0.0,0.0,2601.0,1.0,221010_KS_SS
712,11661.0,380683.0,37.0,4430.0,3.0,60223.0,5.0,2239.0,1.0,310704.0,25.0,0.0,0.0,0.0,0.0,3087.0,3.0,221010_FP_ST
713,16015.0,1126841.0,100.0,335106.0,30.0,741499.0,33.0,3257.0,5.0,2558.0,15.0,30416.0,2.0,0.0,0.0,14005.0,15.0,221010_PR_SV
714,12276.0,2601.0,1.0,0.0,0.0,0.0,0.0,0.0,0.0,0.0,0.0,0.0,0.0,0.0,0.0,2601.0,1.0,221010_VK_SW
715,77025.0,2607943.0,107.0,36163.0,2.0,522195.0,20.0,124162.0,2.0,1746481.0,69.0,143176.0,3.0,0.0,0.0,3728.0,10.0,221010_9E_SX
716,36391.0,2588688.0,127.0,449881.0,5.0,555675.0,20.0,0.0,0.0,1478352.0,69.0,9780.0,1.0,0.0,0.0,95000.0,31.0,221010_J8_SZ
717,13933.0,2490298.0,66.0,18515.0,1.0,392299.0,21.0,121762.0,13.0,1768730.0,21.0,148376.0,3.0,0.0,0.0,2657.0,6.0,221010_94_T0
718,22251.0,2427263.0,76.0,29392.0,9.0,734501.0,19.0,64509.0,3.0,1557265.0,32.0,27044.0,3.0,0.0,0.0,13536.0,9.0,221010_TW_T1
719,31990.0,12905608.0,98.0,78550.0,2.0,1227687.0,60.0,176913.0,1.0,11282662.0,20.0,136288.0,4.0,0.0,0.0,3508.0,9.0,221010_5S_T2
720,47483.0,2217144.0,451.0,131865.0,66.0,1554724.0,54.0,6696.0,7.0,370074.0,56.0,0.0,0.0,0.0,0.0,153785.0,267.0,221010_65_T3
721,17149.0,187293.0,22.0,17597.0,10.0,114915.0,4.0,744.0,2.0,51393.0,3.0,0.0,0.0,0.0,0.0,2601.0,1.0,221010_XV_T4
722,11256.0,1356993.0,46.0,41534.0,2.0,395422.0,16.0,17202.0,4.0,614166.0,12.0,285900.0,8.0,0.0,0.0,2769.0,4.0,221010_6N_T5
723,14379.0,1124990.0,52.0,22094.0,2.0,211661.0,23.0,100255.0,6.0,512053.0,9.0,276280.0,8.0,0.0,0.0,2647.0,4.0,221010_AP_T6
724,12356.0,1260004.0,73.0,24898.0,1.0,451153.0,29.0,146655.0,25.0,464652.0,11.0,169632.0,4.0,0.0,0.0,3014.0,3.0,221010_KY_T7
725,23252.0,3060243.0,83.0,1391878.0,2.0,701914.0,20.0,102762.0,2.0,697092.0,32.0,127224.0,8.0,0.0,0.0,24287.0,18.0,221010_80_T8
726,41530.0,16380615.0,96.0,34816.0,3.0,621721.0,21.0,49891.0,10.0,13710401.0,38.0,154212.0,5.0,0.0,0.0,1807550.0,13.0,221010_26_T9
727,7302.0,1081949.0,34.0,7253.0,4.0,45995.0,3.0,24419.0,4.0,967826.0,15.0,28124.0,2.0,0.0,0.0,8332.0,4.0,221010_GB_TB
728,1797.0,7532.0,3.0,4928.0,1.0,0.0,0.0,2604.0,1.0,0.0,0.0,0.0,0.0,0.0,0.0,0.0,0.0,221010_0V_TC
729,11214.0,964676.0,70.0,23067.0,2.0,479097.0,15.0,29041.0,1.0,361260.0,41.0,25896.0,2.0,0.0,0.0,46315.0,9.0,221010_13_TD
730,12304.0,1245847.0,36.0,18932.0,2.0,1072517.0,21.0,23187.0,1.0,127974.0,4.0,0.0,0.0,0.0,0.0,3237.0,7.0,221010_C3_TE
731,21175.0,2876211.0,62.0,23371.0,4.0,265677.0,10.0,9086.0,3.0,2575141.0,42.0,0.0,0.0,0.0,0.0,2776.0,2.0,221010_J5_TF
732,26233.0,8866243.0,60.0,29510.0,3.0,6187687.0,27.0,456421.0,2.0,1861469.0,13.0,313664.0,7.0,0.0,0.0,16342.0,7.0,221010_AR_TG
733,9969.0,1396695.0,79.0,15409.0,1.0,993181.0,48.0,36862.0,10.0,263953.0,10.0,67924.0,3.0,0.0,0.0,19366.0,7.0,221010_6K_TH
734,4879.0,2601.0,1.0,0.0,0.0,0.0,0.0,0.0,0.0,0.0,0.0,0.0,0.0,0.0,0.0,2601.0,1.0,221010_WH_TJ
735,15355.0,2362585.0,134.0,100651.0,10.0,574689.0,24.0,113674.0,14.0,1163195.0,74.0,406520.0,8.0,0.0,0.0,2706.0,3.0,221010_W2_TK
736,26636.0,12637868.0,109.0,35120.0,2.0,847246.0,12.0,148977.0,4.0,11527403.0,80.0,76440.0,5.0,0.0,0.0,2682.0,6.0,221010_9K_TM
737,4741.0,81267.0,10.0,6402.0,3.0,0.0,0.0,0.0,0.0,0.0,0.0,72228.0,2.0,0.0,0.0,2637.0,2.0,221010_A5_TN
738,18908.0,1224190.0,100.0,3816.0,8.0,638209.0,43.0,20819.0,8.0,240281.0,11.0,140548.0,2.0,0.0,0.0,179367.0,27.0,221010_5S_TP
739,120833.0,1012544.0,95.0,36158.0,2.0,321727.0,30.0,632744.0,59.0,18638.0,1.0,0.0,0.0,0.0,0.0,3277.0,2.0,221010_R8_TQ
740,17531.0,4610291.0,89.0,28622.0,4.0,1230165.0,35.0,103194.0,13.0,1680667.0,20.0,1068592.0,10.0,0.0,0.0,499051.0,7.0,221010_NT_TR
741,123429.0,45506859.0,653.0,119418.0,1.0,410079.0,18.0,96253.0,14.0,44877361.0,609.0,0.0,0.0,0.0,0.0,3748.0,9.0,221010_WA_TS
742,17201.0,6336125.0,350.0,25846.0,2.0,260601.0,12.0,52463.0,11.0,5878845.0,318.0,115092.0,4.0,0.0,0.0,2803.0,2.0,221010_WA_TT
743,17040.0,1989295.0,140.0,147665.0,32.0,839137.0,36.0,223457.0,10.0,721262.0,42.0,43572.0,1.0,0.0,0.0,13473.0,18.0,221010_6A_TV
744,18112.0,3331708.0,136.0,52889.0,1.0,509576.0,37.0,293067.0,43.0,2234234.0,42.0,238700.0,8.0,0.0,0.0,3242.0,5.0,221010_V1_TW
745,21654.0,1488715.0,148.0,114627.0,11.0,611661.0,48.0,134245.0,48.0,385535.0,28.0,229232.0,6.0,0.0,0.0,13415.0,7.0,221010_VD_TX
746,69718.0,1611253.0,168.0,236560.0,31.0,727850.0,42.0,187814.0,13.0,146019.0,39.0,298428.0,13.0,0.0,0.0,14582.0,29.0,221010_RD_TZ
747,18917.0,6579138.0,84.0,263716.0,1.0,357474.0,14.0,368428.0,13.0,5342950.0,47.0,243932.0,4.0,0.0,0.0,2638.0,5.0,221010_KB_V0
748,15534.0,4934324.0,46.0,38577.0,2.0,181703.0,9.0,106854.0,2.0,4507010.0,26.0,97506.0,4.0,0.0,0.0,2674.0,3.0,221010_R3_V1
749,6553.0,227123.0,31.0,11104.0,1.0,132089.0,6.0,5757.0,2.0,23216.0,17.0,52344.0,1.0,0.0,0.0,2613.0,4.0,221010_KZ_V2
750,39486.0,2565732.0,205.0,183248.0,30.0,1540036.0,95.0,93514.0,7.0,351704.0,30.0,115873.0,4.0,0.0,0.0,277528.0,38.0,221010_8P_V4
751,21815.0,852088.0,118.0,214601.0,36.0,501055.0,29.0,66909.0,14.0,31334.0,22.0,24620.0,1.0,0.0,0.0,13569.0,16.0,221010_M2_V5
752,44789.0,9689947.0,399.0,315820.0,234.0,1929215.0,34.0,133187.0,10.0,6738416.0,91.0,489016.0,12.0,0.0,0.0,83143.0,17.0,221010_JK_V6
753,11017.0,730540.0,47.0,5371.0,1.0,172241.0,7.0,21718.0,7.0,242630.0,23.0,222672.0,5.0,0.0,0.0,65908.0,4.0,221010_35_V7
754,44899.0,3714451.0,539.0,424133.0,95.0,1947650.0,85.0,68671.0,16.0,297939.0,176.0,50319.0,4.0,833731.0,1.0,90805.0,159.0,221010_DX_V8
755,16320.0,2268375.0,118.0,43261.0,4.0,959344.0,34.0,44911.0,10.0,1192653.0,61.0,24384.0,2.0,0.0,0.0,2672.0,6.0,221010_D0_V9
756,21312.0,8905724.0,107.0,695146.0,2.0,1113508.0,12.0,668863.0,1.0,5958300.0,81.0,467224.0,4.0,0.0,0.0,2683.0,7.0,221010_9H_VA
757,9553.0,467233.0,108.0,13652.0,3.0,221841.0,6.0,7913.0,1.0,213804.0,93.0,0.0,0.0,0.0,0.0,2665.0,4.0,221010_AG_VB
758,64290.0,9574843.0,394.0,152539.0,54.0,1530878.0,43.0,42550.0,12.0,4810258.0,195.0,91836.0,5.0,2923964.0,6.0,21412.0,76.0,221010_F8_VC
759,24180.0,4631058.0,77.0,30163.0,3.0,570424.0,24.0,198418.0,18.0,3647942.0,18.0,179972.0,3.0,0.0,1.0,2901.0,8.0,221010_2Y_VE
760,11861.0,628172.0,64.0,18496.0,2.0,360740.0,6.0,21855.0,2.0,115065.0,35.0,53024.0,3.0,0.0,0.0,26004.0,15.0,221010_7T_VF
761,10951.0,587437.0,54.0,24233.0,4.0,278360.0,18.0,38430.0,11.0,94850.0,10.0,148624.0,6.0,0.0,0.0,2940.0,5.0,221010_SQ_VJ
762,4846.0,2601.0,1.0,0.0,0.0,0.0,0.0,0.0,0.0,0.0,0.0,0.0,0.0,0.0,0.0,2601.0,1.0,221010_95_VM
763,26779.0,10693432.0,237.0,62447.0,6.0,1115035.0,52.0,36008.0,7.0,657306.0,111.0,749252.0,5.0,8027724.0,16.0,45660.0,38.0,221010_X3_VN
764,74965.0,7705302.0,376.0,747350.0,44.0,2499628.0,67.0,10051.0,13.0,869116.0,140.0,671808.0,18.0,815920.0,2.0,2091429.0,92.0,221010_E5_VP
765,41712.0,7985707.0,239.0,1894586.0,44.0,3533368.0,41.0,527122.0,15.0,1802829.0,83.0,183160.0,8.0,0.0,0.0,44642.0,48.0,221010_18_VR
766,33418.0,10455955.0,158.0,86696.0,7.0,3668596.0,55.0,722331.0,35.0,3572572.0,31.0,333588.0,9.0,2038366.0,1.0,33806.0,20.0,221010_Y2_VS
767,18984.0,1927795.0,55.0,6023.0,2.0,1011591.0,17.0,207012.0,6.0,226197.0,24.0,473634.0,4.0,0.0,0.0,3338.0,2.0,221010_1C_VT
768,14784.0,1559252.0,74.0,25891.0,2.0,307884.0,16.0,53394.0,3.0,1034957.0,36.0,95808.0,4.0,0.0,0.0,37465.0,12.0,221010_Y0_VV
769,32271.0,1930870.0,72.0,26398.0,5.0,188801.0,22.0,93735.0,3.0,1542024.0,35.0,77160.0,1.0,0.0,0.0,2752.0,6.0,221010_M4_VW
770,9847.0,864463.0,40.0,32046.0,2.0,486017.0,15.0,19381.0,3.0,226914.0,12.0,96884.0,2.0,0.0,0.0,3221.0,6.0,221010_7B_VX
771,1983.0,18941.0,3.0,8325.0,1.0,0.0,0.0,2604.0,1.0,0.0,0.0,0.0,0.0,0.0,0.0,0.0,0.0,221010_8P_VY
772,9623.0,767620.0,65.0,25404.0,5.0,326815.0,11.0,45812.0,2.0,164717.0,31.0,194612.0,12.0,0.0,0.0,2611.0,3.0,221010_2S_VZ
773,13761.0,990772.0,78.0,13929.0,1.0,657525.0,40.0,71418.0,17.0,228358.0,7.0,0.0,0.0,0.0,0.0,4136.0,12.0,221010_94_W0
774,17774.0,1406368.0,112.0,52537.0,25.0,1084509.0,25.0,121011.0,4.0,81709.0,45.0,39372.0,1.0,0.0,0.0,25771.0,11.0,221010_02_W1
775,17918.0,2681717.0,52.0,73852.0,3.0,277391.0,19.0,124541.0,4.0,1859963.0,15.0,332108.0,4.0,0.0,0.0,13862.0,7.0,221010_QN_W2
776,14843.0,1245889.0,233.0,17935.0,6.0,742366.0,20.0,31862.0,4.0,206976.0,187.0,119188.0,4.0,0.0,0.0,127562.0,12.0,221010_9H_W3
777,13832.0,4714865.0,53.0,16164.0,1.0,1276942.0,20.0,1103378.0,12.0,1936798.0,10.0,363860.0,7.0,0.0,0.0,2637.0,2.0,221010_CM_W4
778,36207.0,6609623.0,217.0,157289.0,13.0,3184224.0,52.0,667738.0,35.0,2275445.0,61.0,196228.0,7.0,0.0,0.0,128626.0,46.0,221010_N0_Y9
779,15489.0,333238.0,40.0,25349.0,9.0,273053.0,11.0,13004.0,1.0,8335.0,13.0,0.0,0.0,0.0,0.0,13497.0,6.0,221010_SD_YA
780,35455.0,1734790.0,182.0,81014.0,9.0,1070075.0,53.0,8390.0,3.0,428026.0,55.0,124064.0,4.0,0.0,0.0,23221.0,58.0,221010_D3_YB
781,29427.0,7872563.0,70.0,23849.0,3.0,422520.0,10.0,1990.0,3.0,7368454.0,42.0,51704.0,6.0,0.0,0.0,2640.0,5.0,221010_WQ_YC
782,72251.0,24571648.0,136.0,16057.0,1.0,507016.0,19.0,10410.0,5.0,23913964.0,67.0,32752.0,1.0,0.0,0.0,91449.0,27.0,221010_87_YD
783,25388.0,2978179.0,102.0,14832.0,24.0,889477.0,22.0,37662.0,4.0,1725482.0,29.0,239664.0,1.0,0.0,0.0,71062.0,22.0,221010_S2_YE
784,29295.0,6785574.0,190.0,484046.0,5.0,2077973.0,68.0,1363348.0,39.0,2064890.0,54.0,786852.0,8.0,0.0,0.0,8465.0,8.0,221010_2E_YF
785,120075.0,623937.0,159.0,142874.0,116.0,341559.0,12.0,3742.0,3.0,127794.0,23.0,0.0,0.0,0.0,0.0,3682.0,4.0,221010_2G_YG
786,5876.0,785832.0,59.0,4292.0,1.0,190068.0,20.0,49655.0,12.0,485171.0,19.0,52964.0,3.0,0.0,0.0,3040.0,3.0,221010_WG_YH
787,25242.0,11021849.0,97.0,49509.0,4.0,744630.0,26.0,58107.0,4.0,9999292.0,41.0,164888.0,7.0,0.0,0.0,4093.0,14.0,221010_PR_YK
788,20512.0,3217792.0,158.0,62523.0,12.0,973007.0,32.0,72999.0,2.0,2034195.0,92.0,40148.0,1.0,0.0,0.0,34920.0,19.0,221010_HW_YM
789,20993.0,6203387.0,157.0,20112.0,2.0,2263562.0,56.0,1395836.0,46.0,2246715.0,35.0,263456.0,9.0,0.0,0.0,13706.0,9.0,221010_MG_YN
790,20909.0,1135577.0,101.0,132905.0,20.0,641507.0,42.0,80550.0,5.0,153494.0,12.0,113694.0,10.0,0.0,0.0,13427.0,12.0,221010_NP_YP
791,17825.0,1198202.0,114.0,27833.0,2.0,355136.0,7.0,67214.0,1.0,681495.0,96.0,63808.0,4.0,0.0,0.0,2716.0,4.0,221010_19_YQ
792,26283.0,2599407.0,70.0,33313.0,2.0,457081.0,13.0,17584.0,4.0,2086028.0,44.0,0.0,0.0,0.0,0.0,2656.0,6.0,221010_3Y_YR
793,21412.0,1787357.0,52.0,25153.0,2.0,808562.0,7.0,29180.0,3.0,539831.0,24.0,373332.0,11.0,0.0,0.0,4328.0,3.0,221010_VC_YS
794,32115.0,1988203.0,429.0,23566.0,2.0,1164869.0,32.0,112549.0,49.0,588599.0,322.0,45464.0,2.0,0.0,0.0,53156.0,18.0,221010_HR_YT
795,5478.0,185862.0,17.0,20497.0,1.0,44748.0,9.0,65122.0,1.0,51594.0,3.0,1264.0,1.0,0.0,0.0,2637.0,2.0,221010_ZP_YV
796,37672.0,4404796.0,249.0,161158.0,43.0,1674968.0,63.0,28297.0,5.0,1940456.0,94.0,522740.0,9.0,0.0,0.0,76499.0,34.0,221010_JA_YW
797,15108.0,2221748.0,69.0,201379.0,6.0,1127352.0,41.0,174414.0,5.0,640135.0,12.0,0.0,0.0,0.0,0.0,77318.0,4.0,221010_CN_YX
798,31606.0,13110173.0,197.0,90542.0,9.0,3042925.0,39.0,446378.0,19.0,9369825.0,103.0,93348.0,3.0,0.0,0.0,64983.0,23.0,221010_QV_YY
799,116864.0,2149571.0,83.0,52924.0,3.0,652355.0,24.0,74015.0,13.0,1264878.0,28.0,84044.0,3.0,0.0,0.0,21355.0,12.0,221010_XF_YZ
800,23292.0,7931791.0,143.0,72004.0,13.0,3213597.0,37.0,411763.0,16.0,4134912.0,60.0,64464.0,1.0,0.0,0.0,35051.0,16.0,221010_1N_Z0
801,46380.0,2964627.0,445.0,198667.0,76.0,2006175.0,88.0,145772.0,3.0,206796.0,103.0,342648.0,6.0,0.0,0.0,64569.0,168.0,221010_G1_Z1
802,13129.0,3921302.0,73.0,30666.0,1.0,455095.0,10.0,1689361.0,6.0,1612538.0,50.0,130980.0,4.0,0.0,0.0,2662.0,2.0,221010_YJ_Z2
803,14276.0,1113638.0,96.0,130265.0,7.0,260751.0,16.0,54348.0,8.0,493379.0,36.0,169748.0,8.0,0.0,0.0,2659.0,20.0,221010_5Y_Z3
804,15181.0,374888.0,15.0,52071.0,5.0,157136.0,3.0,19970.0,1.0,143050.0,4.0,0.0,0.0,0.0,0.0,2661.0,2.0,221010_9V_Z4
805,4742.0,2601.0,1.0,0.0,0.0,0.0,0.0,0.0,0.0,0.0,0.0,0.0,0.0,0.0,0.0,2601.0,1.0,221010_2G_Z5
806,20666.0,2087634.0,150.0,252014.0,39.0,503842.0,28.0,125074.0,12.0,1108590.0,45.0,84567.0,4.0,0.0,0.0,13547.0,22.0,221010_JK_Z6
807,28615.0,7873140.0,202.0,84776.0,9.0,1708867.0,43.0,165148.0,7.0,5339746.0,70.0,562508.0,48.0,0.0,0.0,12095.0,24.0,221010_TB_Z7
808,27612.0,2107225.0,198.0,21893.0,7.0,1237906.0,49.0,241761.0,1.0,419819.0,69.0,181456.0,7.0,0.0,0.0,4390.0,65.0,221010_7S_Z8
809,23679.0,1047811.0,71.0,64795.0,3.0,384942.0,20.0,19462.0,2.0,400810.0,24.0,173856.0,4.0,0.0,0.0,3946.0,17.0,221010_82_Z9
